order_id,customer_id,product_id,quantity,total_price,order_date,status
ORD-00001,CUST-0036,PROD-0028,1,25.0,2026-06-24 20:38:32,Shipped
ORD-00002,CUST-0066,PROD-0013,5,249.95,2026-07-01 09:38:32,Completed
ORD-00003,CUST-0034,PROD-0006,5,299.95,2026-06-22 10:38:32,Completed
ORD-00004,CUST-0077,PROD-0014,3,269.97,2026-06-29 22:38:32,Cancelled
ORD-00005,CUST-0066,PROD-0004,4,139.96,2026-08-01 15:38:32,Completed
ORD-00006,CUST-0006,PROD-0023,4,179.96,2026-05-21 01:38:32,Cancelled
ORD-00007,CUST-0088,PROD-0024,2,31.98,2026-07-05 22:38:32,Completed
ORD-00008,CUST-0086,PROD-0030,3,389.97,2026-08-07 19:38:32,Shipped
ORD-00009,CUST-0016,PROD-0024,3,47.97,2026-07-23 18:38:32,Shipped
ORD-00010,CUST-0053,PROD-0011,4,119.96,2026-08-17 18:38:32,Cancelled
ORD-00011,CUST-0017,PROD-0007,4,239.96,2026-08-13 21:38:32,Shipped
ORD-00012,CUST-0096,PROD-0029,2,69.98,2026-08-07 03:38:32,Completed
ORD-00013,CUST-0052,PROD-0018,1,69.99,2026-06-27 18:38:32,Completed
ORD-00014,CUST-0056,PROD-0026,5,324.95,2026-08-06 05:38:32,Completed
ORD-00015,CUST-0060,PROD-0015,4,99.96,2026-08-14 15:38:32,Cancelled
ORD-00016,CUST-0061,PROD-0026,2,129.98,2026-08-12 11:38:32,Completed
ORD-00017,CUST-0066,PROD-0022,5,212.5,2026-07-01 11:38:32,Completed
ORD-00018,CUST-0087,PROD-0010,2,90.0,2026-06-14 13:38:32,Completed
ORD-00019,CUST-0006,PROD-0008,4,79.96,2026-08-06 11:38:32,Pending
ORD-00020,CUST-0054,PROD-0029,5,174.95,2026-06-14 07:38:32,Shipped
ORD-00021,CUST-0050,PROD-0016,4,119.96,2026-06-20 13:38:32,Shipped
ORD-00022,CUST-0089,PROD-0001,1,79.99,2026-07-13 16:38:32,Completed
ORD-00023,CUST-0090,PROD-0017,4,159.96,2026-05-27 02:38:32,Completed
ORD-00024,CUST-0016,PROD-0015,2,49.98,2026-07-19 06:38:32,Cancelled
ORD-00025,CUST-0072,PROD-0020,3,149.97,2026-07-16 04:38:32,Shipped
ORD-00026,CUST-0065,PROD-0014,5,449.95,2026-07-16 14:38:32,Shipped
ORD-00027,CUST-0061,PROD-0015,3,74.97,2026-06-21 05:38:32,Completed
ORD-00028,CUST-0099,PROD-0025,5,92.5,2026-07-22 05:38:32,Completed
ORD-00029,CUST-0036,PROD-0015,1,24.99,2026-06-25 16:38:32,Completed
ORD-00030,CUST-0043,PROD-0011,5,149.95,2026-05-30 13:38:32,Completed
ORD-00031,CUST-0030,PROD-0013,2,99.98,2026-08-18 15:38:32,Completed
ORD-00032,CUST-0054,PROD-0014,3,269.97,2026-07-28 23:38:32,Pending
ORD-00033,CUST-0008,PROD-0007,4,239.96,2026-07-09 03:38:32,Shipped
ORD-00034,CUST-0003,PROD-0028,5,125.0,2026-07-08 00:38:32,Completed
ORD-00035,CUST-0046,PROD-0010,4,180.0,2026-07-13 02:38:32,Shipped
ORD-00036,CUST-0095,PROD-0018,5,349.95,2026-06-18 00:38:32,Completed
ORD-00037,CUST-0035,PROD-0014,4,359.96,2026-05-23 21:38:32,Completed
ORD-00038,CUST-0086,PROD-0022,4,170.0,2026-06-10 23:38:32,Completed
ORD-00039,CUST-0080,PROD-0018,1,69.99,2026-07-10 03:38:32,Cancelled
ORD-00040,CUST-0085,PROD-0001,1,79.99,2026-08-10 22:38:32,Completed
ORD-00041,CUST-0060,PROD-0006,1,59.99,2026-06-22 21:38:32,Completed
ORD-00042,CUST-0028,PROD-0015,3,74.97,2026-07-02 21:38:32,Completed
ORD-00043,CUST-0097,PROD-0027,4,88.0,2026-06-21 11:38:32,Pending
ORD-00044,CUST-0003,PROD-0024,5,79.95,2026-05-26 20:38:32,Completed
ORD-00045,CUST-0084,PROD-0003,1,119.99,2026-05-23 16:38:32,Completed
ORD-00046,CUST-0003,PROD-0020,2,99.98,2026-06-19 13:38:32,Pending
ORD-00047,CUST-0086,PROD-0004,5,174.95,2026-06-16 23:38:32,Shipped
ORD-00048,CUST-0033,PROD-0025,3,55.5,2026-06-11 04:38:32,Cancelled
ORD-00049,CUST-0096,PROD-0023,1,44.99,2026-06-09 18:38:32,Completed
ORD-00050,CUST-0075,PROD-0001,3,239.97,2026-08-02 06:38:32,Pending
ORD-00051,CUST-0051,PROD-0023,2,89.98,2026-05-30 03:38:32,Shipped
ORD-00052,CUST-0081,PROD-0008,1,19.99,2026-08-17 18:38:32,Shipped
ORD-00053,CUST-0077,PROD-0026,1,64.99,2026-07-31 10:38:32,Completed
ORD-00054,CUST-0069,PROD-0014,3,269.97,2026-05-29 01:38:32,Shipped
ORD-00055,CUST-0044,PROD-0001,4,319.96,2026-07-21 12:38:32,Pending
ORD-00056,CUST-0047,PROD-0021,4,140.0,2026-08-18 13:38:32,Pending
ORD-00057,CUST-0023,PROD-0024,5,79.95,2026-08-11 17:38:32,Cancelled
ORD-00058,CUST-0069,PROD-0025,4,74.0,2026-07-18 22:38:32,Shipped
ORD-00059,CUST-0076,PROD-0009,3,269.97,2026-06-20 11:38:32,Completed
ORD-00060,CUST-0058,PROD-0008,4,79.96,2026-08-01 04:38:32,Shipped
ORD-00061,CUST-0049,PROD-0011,1,29.99,2026-07-22 19:38:32,Completed
ORD-00062,CUST-0063,PROD-0007,3,179.97,2026-06-22 19:38:32,Completed
ORD-00063,CUST-0077,PROD-0023,3,134.97,2026-07-30 09:38:32,Cancelled
ORD-00064,CUST-0025,PROD-0003,2,239.98,2026-07-12 00:38:32,Cancelled
ORD-00065,CUST-0098,PROD-0008,4,79.96,2026-08-11 07:38:32,Pending
ORD-00066,CUST-0058,PROD-0026,1,64.99,2026-05-31 18:38:32,Completed
ORD-00067,CUST-0052,PROD-0023,2,89.98,2026-06-29 06:38:32,Cancelled
ORD-00068,CUST-0048,PROD-0016,5,149.95,2026-07-26 20:38:32,Pending
ORD-00069,CUST-0096,PROD-0018,3,209.97,2026-07-05 07:38:32,Pending
ORD-00070,CUST-0035,PROD-0010,3,135.0,2026-06-18 12:38:32,Shipped
ORD-00071,CUST-0025,PROD-0011,1,29.99,2026-07-28 07:38:32,Completed
ORD-00072,CUST-0025,PROD-0007,4,239.96,2026-06-25 08:38:32,Cancelled
ORD-00073,CUST-0098,PROD-0017,5,199.95,2026-06-25 12:38:32,Completed
ORD-00074,CUST-0038,PROD-0008,3,59.97,2026-06-11 18:38:32,Completed
ORD-00075,CUST-0091,PROD-0018,2,139.98,2026-06-24 10:38:32,Completed
ORD-00076,CUST-0071,PROD-0010,2,90.0,2026-08-10 00:38:32,Completed
ORD-00077,CUST-0002,PROD-0019,3,119.97,2026-07-20 00:38:32,Pending
ORD-00078,CUST-0044,PROD-0006,1,59.99,2026-06-22 00:38:32,Completed
ORD-00079,CUST-0009,PROD-0013,4,199.96,2026-05-30 03:38:32,Shipped
ORD-00080,CUST-0088,PROD-0002,2,399.98,2026-06-09 03:38:32,Completed
ORD-00081,CUST-0011,PROD-0008,1,19.99,2026-07-30 22:38:32,Cancelled
ORD-00082,CUST-0077,PROD-0026,5,324.95,2026-06-18 01:38:32,Pending
ORD-00083,CUST-0058,PROD-0030,4,519.96,2026-06-28 03:38:32,Pending
ORD-00084,CUST-0040,PROD-0019,5,199.95,2026-05-28 04:38:32,Shipped
ORD-00085,CUST-0013,PROD-0025,2,37.0,2026-08-08 15:38:32,Completed
ORD-00086,CUST-0085,PROD-0003,2,239.98,2026-06-19 14:38:32,Cancelled
ORD-00087,CUST-0010,PROD-0006,1,59.99,2026-07-11 23:38:32,Shipped
ORD-00088,CUST-0077,PROD-0016,3,89.97,2026-05-24 16:38:32,Completed
ORD-00089,CUST-0091,PROD-0010,4,180.0,2026-05-30 06:38:32,Completed
ORD-00090,CUST-0034,PROD-0026,5,324.95,2026-08-12 15:38:32,Pending
ORD-00091,CUST-0015,PROD-0018,2,139.98,2026-08-10 13:38:32,Completed
ORD-00092,CUST-0019,PROD-0003,1,119.99,2026-06-10 18:38:32,Cancelled
ORD-00093,CUST-0096,PROD-0027,5,110.0,2026-06-25 23:38:32,Completed
ORD-00094,CUST-0060,PROD-0023,3,134.97,2026-08-17 21:38:32,Completed
ORD-00095,CUST-0065,PROD-0018,4,279.96,2026-07-15 11:38:32,Cancelled
ORD-00096,CUST-0006,PROD-0029,4,139.96,2026-07-01 04:38:32,Completed
ORD-00097,CUST-0004,PROD-0003,2,239.98,2026-08-15 03:38:32,Cancelled
ORD-00098,CUST-0003,PROD-0025,3,55.5,2026-08-01 10:38:32,Completed
ORD-00099,CUST-0061,PROD-0017,4,159.96,2026-06-24 14:38:32,Cancelled
ORD-00100,CUST-0056,PROD-0021,4,140.0,2026-06-01 00:38:32,Completed
ORD-00101,CUST-0053,PROD-0011,3,89.97,2026-08-13 12:38:32,Completed
ORD-00102,CUST-0043,PROD-0014,4,359.96,2026-06-26 06:38:32,Pending
ORD-00103,CUST-0098,PROD-0018,1,69.99,2026-07-17 11:38:32,Completed
ORD-00104,CUST-0033,PROD-0011,1,29.99,2026-07-11 01:38:32,Completed
ORD-00105,CUST-0085,PROD-0028,5,125.0,2026-07-18 22:38:32,Completed
ORD-00106,CUST-0025,PROD-0017,3,119.97,2026-08-08 00:38:32,Shipped
ORD-00107,CUST-0057,PROD-0025,1,18.5,2026-06-15 17:38:32,Cancelled
ORD-00108,CUST-0017,PROD-0030,3,389.97,2026-07-16 07:38:32,Pending
ORD-00109,CUST-0016,PROD-0001,5,399.95,2026-06-20 07:38:32,Completed
ORD-00110,CUST-0040,PROD-0018,1,69.99,2026-07-29 22:38:32,Completed
ORD-00111,CUST-0029,PROD-0027,1,22.0,2026-07-18 12:38:32,Shipped
ORD-00112,CUST-0020,PROD-0016,3,89.97,2026-07-25 07:38:32,Completed
ORD-00113,CUST-0054,PROD-0027,4,88.0,2026-07-19 16:38:32,Pending
ORD-00114,CUST-0071,PROD-0005,4,199.96,2026-06-14 04:38:32,Cancelled
ORD-00115,CUST-0096,PROD-0029,2,69.98,2026-05-28 17:38:32,Pending
ORD-00116,CUST-0044,PROD-0030,5,649.95,2026-06-23 09:38:32,Completed
ORD-00117,CUST-0093,PROD-0010,5,225.0,2026-08-03 06:38:32,Pending
ORD-00118,CUST-0020,PROD-0015,5,124.95,2026-07-20 20:38:32,Completed
ORD-00119,CUST-0071,PROD-0025,5,92.5,2026-07-07 23:38:32,Completed
ORD-00120,CUST-0025,PROD-0023,2,89.98,2026-08-01 21:38:32,Completed
ORD-00121,CUST-0100,PROD-0014,1,89.99,2026-06-30 08:38:32,Pending
ORD-00122,CUST-0091,PROD-0030,4,519.96,2026-07-09 06:38:32,Shipped
ORD-00123,CUST-0020,PROD-0016,1,29.99,2026-06-06 01:38:32,Cancelled
ORD-00124,CUST-0043,PROD-0028,1,25.0,2026-07-15 12:38:32,Cancelled
ORD-00125,CUST-0059,PROD-0001,2,159.98,2026-07-12 05:38:32,Completed
ORD-00126,CUST-0010,PROD-0016,3,89.97,2026-07-03 04:38:32,Shipped
ORD-00127,CUST-0051,PROD-0021,1,35.0,2026-07-02 06:38:32,Cancelled
ORD-00128,CUST-0049,PROD-0011,4,119.96,2026-07-28 10:38:32,Cancelled
ORD-00129,CUST-0009,PROD-0008,3,59.97,2026-06-19 08:38:32,Completed
ORD-00130,CUST-0056,PROD-0004,1,34.99,2026-07-15 14:38:32,Shipped
ORD-00131,CUST-0039,PROD-0029,1,34.99,2026-05-25 19:38:32,Completed
ORD-00132,CUST-0038,PROD-0012,3,44.97,2026-07-14 13:38:32,Completed
ORD-00133,CUST-0068,PROD-0014,5,449.95,2026-08-15 14:38:32,Completed
ORD-00134,CUST-0023,PROD-0003,5,599.95,2026-07-08 04:38:32,Shipped
ORD-00135,CUST-0031,PROD-0016,5,149.95,2026-06-07 16:38:32,Pending
ORD-00136,CUST-0082,PROD-0009,4,359.96,2026-06-22 06:38:32,Completed
ORD-00137,CUST-0060,PROD-0029,3,104.97,2026-08-15 02:38:32,Completed
ORD-00138,CUST-0010,PROD-0015,3,74.97,2026-08-03 18:38:32,Shipped
ORD-00139,CUST-0055,PROD-0023,3,134.97,2026-07-17 18:38:32,Completed
ORD-00140,CUST-0050,PROD-0028,4,100.0,2026-06-02 16:38:32,Pending
ORD-00141,CUST-0074,PROD-0012,5,74.95,2026-06-27 07:38:32,Completed
ORD-00142,CUST-0003,PROD-0027,4,88.0,2026-06-24 09:38:32,Cancelled
ORD-00143,CUST-0088,PROD-0025,1,18.5,2026-08-06 08:38:32,Pending
ORD-00144,CUST-0037,PROD-0025,2,37.0,2026-08-05 20:38:32,Completed
ORD-00145,CUST-0082,PROD-0007,5,299.95,2026-06-22 06:38:32,Shipped
ORD-00146,CUST-0099,PROD-0022,2,85.0,2026-08-08 12:38:32,Shipped
ORD-00147,CUST-0083,PROD-0002,3,599.97,2026-07-15 10:38:32,Cancelled
ORD-00148,CUST-0047,PROD-0024,2,31.98,2026-05-31 18:38:32,Completed
ORD-00149,CUST-0096,PROD-0014,2,179.98,2026-06-14 13:38:32,Cancelled
ORD-00150,CUST-0047,PROD-0017,5,199.95,2026-06-23 14:38:32,Completed
ORD-00151,CUST-0062,PROD-0026,3,194.97,2026-07-02 12:38:32,Pending
ORD-00152,CUST-0010,PROD-0005,2,99.98,2026-08-15 08:38:32,Shipped
ORD-00153,CUST-0051,PROD-0028,5,125.0,2026-07-05 11:38:32,Pending
ORD-00154,CUST-0002,PROD-0009,5,449.95,2026-06-04 23:38:32,Completed
ORD-00155,CUST-0087,PROD-0024,3,47.97,2026-08-02 21:38:32,Shipped
ORD-00156,CUST-0048,PROD-0004,2,69.98,2026-07-19 09:38:32,Cancelled
ORD-00157,CUST-0072,PROD-0011,5,149.95,2026-06-18 05:38:32,Completed
ORD-00158,CUST-0082,PROD-0027,4,88.0,2026-08-17 18:38:32,Shipped
ORD-00159,CUST-0053,PROD-0004,2,69.98,2026-05-25 10:38:32,Completed
ORD-00160,CUST-0064,PROD-0004,1,34.99,2026-06-20 02:38:32,Completed
ORD-00161,CUST-0050,PROD-0015,3,74.97,2026-08-14 08:38:32,Shipped
ORD-00162,CUST-0070,PROD-0014,5,449.95,2026-06-08 22:38:32,Shipped
ORD-00163,CUST-0013,PROD-0027,4,88.0,2026-08-06 22:38:32,Completed
ORD-00164,CUST-0005,PROD-0023,3,134.97,2026-06-16 23:38:32,Pending
ORD-00165,CUST-0031,PROD-0028,3,75.0,2026-06-02 06:38:32,Completed
ORD-00166,CUST-0070,PROD-0029,3,104.97,2026-05-27 21:38:32,Completed
ORD-00167,CUST-0025,PROD-0004,4,139.96,2026-06-01 06:38:32,Completed
ORD-00168,CUST-0083,PROD-0021,5,175.0,2026-05-22 10:38:32,Completed
ORD-00169,CUST-0032,PROD-0005,5,249.95,2026-06-15 11:38:32,Cancelled
ORD-00170,CUST-0027,PROD-0019,2,79.98,2026-06-18 19:38:32,Completed
ORD-00171,CUST-0077,PROD-0001,3,239.97,2026-06-07 13:38:32,Cancelled
ORD-00172,CUST-0033,PROD-0026,2,129.98,2026-06-04 06:38:32,Completed
ORD-00173,CUST-0017,PROD-0001,3,239.97,2026-06-20 03:38:32,Completed
ORD-00174,CUST-0003,PROD-0006,3,179.97,2026-05-26 13:38:32,Shipped
ORD-00175,CUST-0054,PROD-0017,1,39.99,2026-05-29 00:38:32,Pending
ORD-00176,CUST-0100,PROD-0012,5,74.95,2026-08-03 12:38:32,Pending
ORD-00177,CUST-0065,PROD-0008,5,99.95,2026-05-26 08:38:32,Shipped
ORD-00178,CUST-0067,PROD-0010,4,180.0,2026-08-10 09:38:32,Completed
ORD-00179,CUST-0062,PROD-0028,4,100.0,2026-07-14 06:38:32,Completed
ORD-00180,CUST-0063,PROD-0023,4,179.96,2026-05-29 11:38:32,Completed
ORD-00181,CUST-0078,PROD-0005,1,49.99,2026-06-05 17:38:32,Cancelled
ORD-00182,CUST-0082,PROD-0019,5,199.95,2026-06-30 21:38:32,Cancelled
ORD-00183,CUST-0068,PROD-0010,4,180.0,2026-07-24 04:38:32,Pending
ORD-00184,CUST-0013,PROD-0026,1,64.99,2026-08-12 05:38:32,Cancelled
ORD-00185,CUST-0093,PROD-0028,2,50.0,2026-07-14 23:38:32,Completed
ORD-00186,CUST-0053,PROD-0011,4,119.96,2026-07-10 22:38:32,Shipped
ORD-00187,CUST-0013,PROD-0011,4,119.96,2026-06-30 06:38:32,Completed
ORD-00188,CUST-0048,PROD-0005,4,199.96,2026-05-28 11:38:32,Completed
ORD-00189,CUST-0012,PROD-0014,1,89.99,2026-07-06 13:38:32,Cancelled
ORD-00190,CUST-0008,PROD-0019,5,199.95,2026-07-30 19:38:32,Shipped
ORD-00191,CUST-0016,PROD-0014,3,269.97,2026-08-13 22:38:32,Shipped
ORD-00192,CUST-0007,PROD-0010,5,225.0,2026-06-28 20:38:32,Completed
ORD-00193,CUST-0074,PROD-0017,2,79.98,2026-06-09 06:38:32,Pending
ORD-00194,CUST-0029,PROD-0028,1,25.0,2026-07-04 02:38:32,Completed
ORD-00195,CUST-0015,PROD-0025,3,55.5,2026-08-01 16:38:32,Pending
ORD-00196,CUST-0072,PROD-0025,5,92.5,2026-08-07 06:38:32,Shipped
ORD-00197,CUST-0072,PROD-0001,5,399.95,2026-08-13 07:38:32,Completed
ORD-00198,CUST-0004,PROD-0006,3,179.97,2026-08-17 18:38:32,Completed
ORD-00199,CUST-0045,PROD-0001,2,159.98,2026-06-08 03:38:32,Shipped
ORD-00200,CUST-0052,PROD-0003,2,239.98,2026-08-09 09:38:32,Completed
ORD-00201,CUST-0096,PROD-0017,2,79.98,2026-07-07 22:38:32,Pending
ORD-00202,CUST-0044,PROD-0006,3,179.97,2026-06-29 08:38:32,Completed
ORD-00203,CUST-0100,PROD-0019,5,199.95,2026-05-30 10:38:32,Completed
ORD-00204,CUST-0021,PROD-0025,5,92.5,2026-05-27 06:38:32,Completed
ORD-00205,CUST-0035,PROD-0015,4,99.96,2026-07-22 04:38:32,Pending
ORD-00206,CUST-0054,PROD-0009,2,179.98,2026-07-24 12:38:32,Completed
ORD-00207,CUST-0056,PROD-0004,3,104.97,2026-08-15 06:38:32,Cancelled
ORD-00208,CUST-0063,PROD-0017,3,119.97,2026-05-25 16:38:32,Pending
ORD-00209,CUST-0077,PROD-0002,1,199.99,2026-06-15 18:38:32,Completed
ORD-00210,CUST-0099,PROD-0005,3,149.97,2026-06-26 19:38:32,Completed
ORD-00211,CUST-0001,PROD-0016,4,119.96,2026-06-11 13:38:32,Pending
ORD-00212,CUST-0069,PROD-0023,2,89.98,2026-07-24 02:38:32,Shipped
ORD-00213,CUST-0046,PROD-0003,4,479.96,2026-05-25 22:38:32,Completed
ORD-00214,CUST-0059,PROD-0030,1,129.99,2026-06-30 03:38:32,Pending
ORD-00215,CUST-0074,PROD-0013,4,199.96,2026-06-26 12:38:32,Pending
ORD-00216,CUST-0003,PROD-0011,2,59.98,2026-08-07 23:38:32,Shipped
ORD-00217,CUST-0047,PROD-0003,4,479.96,2026-06-02 16:38:32,Pending
ORD-00218,CUST-0076,PROD-0013,5,249.95,2026-05-30 21:38:32,Completed
ORD-00219,CUST-0096,PROD-0011,2,59.98,2026-07-01 14:38:32,Completed
ORD-00220,CUST-0066,PROD-0021,1,35.0,2026-07-27 01:38:32,Completed
ORD-00221,CUST-0100,PROD-0012,3,44.97,2026-08-10 13:38:32,Completed
ORD-00222,CUST-0014,PROD-0005,3,149.97,2026-06-14 14:38:32,Cancelled
ORD-00223,CUST-0020,PROD-0025,1,18.5,2026-06-12 05:38:32,Pending
ORD-00224,CUST-0060,PROD-0025,5,92.5,2026-08-02 23:38:32,Shipped
ORD-00225,CUST-0073,PROD-0021,5,175.0,2026-07-01 05:38:32,Completed
ORD-00226,CUST-0020,PROD-0015,1,24.99,2026-07-19 23:38:32,Shipped
ORD-00227,CUST-0039,PROD-0026,3,194.97,2026-08-03 10:38:32,Completed
ORD-00228,CUST-0065,PROD-0003,3,359.97,2026-07-18 23:38:32,Completed
ORD-00229,CUST-0008,PROD-0012,3,44.97,2026-05-30 05:38:32,Completed
ORD-00230,CUST-0079,PROD-0020,5,249.95,2026-07-08 23:38:32,Cancelled
ORD-00231,CUST-0071,PROD-0026,1,64.99,2026-07-17 03:38:32,Shipped
ORD-00232,CUST-0025,PROD-0011,5,149.95,2026-07-20 01:38:32,Completed
ORD-00233,CUST-0008,PROD-0015,1,24.99,2026-07-03 07:38:32,Completed
ORD-00234,CUST-0065,PROD-0021,2,70.0,2026-05-25 16:38:32,Shipped
ORD-00235,CUST-0057,PROD-0015,5,124.95,2026-07-26 04:38:32,Completed
ORD-00236,CUST-0047,PROD-0012,3,44.97,2026-07-08 22:38:32,Completed
ORD-00237,CUST-0087,PROD-0020,1,49.99,2026-08-09 05:38:32,Completed
ORD-00238,CUST-0009,PROD-0011,1,29.99,2026-07-31 06:38:32,Pending
ORD-00239,CUST-0037,PROD-0009,5,449.95,2026-06-08 19:38:32,Completed
ORD-00240,CUST-0075,PROD-0022,2,85.0,2026-07-03 18:38:32,Shipped
ORD-00241,CUST-0090,PROD-0022,4,170.0,2026-06-06 04:38:32,Shipped
ORD-00242,CUST-0011,PROD-0010,5,225.0,2026-07-08 05:38:32,Completed
ORD-00243,CUST-0017,PROD-0022,5,212.5,2026-06-01 05:38:32,Shipped
ORD-00244,CUST-0055,PROD-0017,3,119.97,2026-05-22 20:38:32,Completed
ORD-00245,CUST-0024,PROD-0007,3,179.97,2026-07-21 15:38:32,Completed
ORD-00246,CUST-0018,PROD-0005,1,49.99,2026-06-26 12:38:32,Cancelled
ORD-00247,CUST-0099,PROD-0018,5,349.95,2026-05-25 06:38:32,Completed
ORD-00248,CUST-0099,PROD-0020,2,99.98,2026-08-04 21:38:32,Completed
ORD-00249,CUST-0021,PROD-0006,5,299.95,2026-06-11 08:38:32,Pending
ORD-00250,CUST-0006,PROD-0014,3,269.97,2026-08-15 08:38:32,Completed
ORD-00251,CUST-0057,PROD-0020,3,149.97,2026-07-16 16:38:32,Cancelled
ORD-00252,CUST-0031,PROD-0010,4,180.0,2026-06-13 20:38:32,Shipped
ORD-00253,CUST-0074,PROD-0015,4,99.96,2026-06-25 21:38:32,Cancelled
ORD-00254,CUST-0068,PROD-0014,2,179.98,2026-06-15 04:38:32,Completed
ORD-00255,CUST-0033,PROD-0002,4,799.96,2026-07-07 02:38:32,Completed
ORD-00256,CUST-0092,PROD-0028,5,125.0,2026-06-04 18:38:32,Completed
ORD-00257,CUST-0098,PROD-0006,3,179.97,2026-07-17 01:38:32,Completed
ORD-00258,CUST-0056,PROD-0003,2,239.98,2026-07-16 20:38:32,Completed
ORD-00259,CUST-0054,PROD-0002,4,799.96,2026-07-23 20:38:32,Completed
ORD-00260,CUST-0050,PROD-0003,3,359.97,2026-06-17 09:38:32,Completed
ORD-00261,CUST-0013,PROD-0027,3,66.0,2026-06-07 13:38:32,Completed
ORD-00262,CUST-0037,PROD-0030,4,519.96,2026-08-17 13:38:32,Shipped
ORD-00263,CUST-0061,PROD-0015,5,124.95,2026-05-20 11:38:32,Completed
ORD-00264,CUST-0033,PROD-0007,2,119.98,2026-07-30 08:38:32,Cancelled
ORD-00265,CUST-0068,PROD-0014,1,89.99,2026-06-25 16:38:32,Completed
ORD-00266,CUST-0016,PROD-0002,2,399.98,2026-07-13 05:38:32,Cancelled
ORD-00267,CUST-0059,PROD-0003,1,119.99,2026-07-23 04:38:32,Cancelled
ORD-00268,CUST-0003,PROD-0021,5,175.0,2026-08-01 16:38:32,Shipped
ORD-00269,CUST-0019,PROD-0010,4,180.0,2026-05-21 04:38:32,Completed
ORD-00270,CUST-0031,PROD-0019,4,159.96,2026-06-13 06:38:32,Shipped
ORD-00271,CUST-0011,PROD-0017,3,119.97,2026-05-29 01:38:32,Cancelled
ORD-00272,CUST-0065,PROD-0026,5,324.95,2026-07-29 09:38:32,Pending
ORD-00273,CUST-0061,PROD-0002,4,799.96,2026-07-06 17:38:32,Shipped
ORD-00274,CUST-0003,PROD-0012,1,14.99,2026-07-03 16:38:32,Shipped
ORD-00275,CUST-0085,PROD-0021,1,35.0,2026-08-03 08:38:32,Completed
ORD-00276,CUST-0018,PROD-0002,3,599.97,2026-07-28 19:38:32,Shipped
ORD-00277,CUST-0023,PROD-0027,4,88.0,2026-08-18 00:38:32,Shipped
ORD-00278,CUST-0024,PROD-0026,2,129.98,2026-05-29 07:38:32,Pending
ORD-00279,CUST-0005,PROD-0010,2,90.0,2026-05-25 15:38:32,Completed
ORD-00280,CUST-0041,PROD-0030,3,389.97,2026-07-24 21:38:32,Cancelled
ORD-00281,CUST-0061,PROD-0009,1,89.99,2026-08-10 15:38:32,Completed
ORD-00282,CUST-0046,PROD-0028,1,25.0,2026-08-11 19:38:32,Completed
ORD-00283,CUST-0016,PROD-0026,3,194.97,2026-07-14 21:38:32,Shipped
ORD-00284,CUST-0057,PROD-0029,4,139.96,2026-07-02 14:38:32,Pending
ORD-00285,CUST-0089,PROD-0016,3,89.97,2026-07-25 17:38:32,Completed
ORD-00286,CUST-0094,PROD-0014,1,89.99,2026-07-15 04:38:32,Completed
ORD-00287,CUST-0070,PROD-0010,3,135.0,2026-06-02 11:38:32,Completed
ORD-00288,CUST-0085,PROD-0010,3,135.0,2026-07-17 04:38:32,Shipped
ORD-00289,CUST-0055,PROD-0006,4,239.96,2026-07-03 23:38:32,Completed
ORD-00290,CUST-0094,PROD-0028,3,75.0,2026-08-06 22:38:32,Completed
ORD-00291,CUST-0082,PROD-0026,1,64.99,2026-05-30 06:38:32,Shipped
ORD-00292,CUST-0052,PROD-0012,5,74.95,2026-08-14 14:38:32,Completed
ORD-00293,CUST-0019,PROD-0028,5,125.0,2026-08-14 23:38:32,Completed
ORD-00294,CUST-0017,PROD-0003,2,239.98,2026-08-10 20:38:32,Completed
ORD-00295,CUST-0050,PROD-0019,1,39.99,2026-08-05 13:38:32,Shipped
ORD-00296,CUST-0058,PROD-0012,3,44.97,2026-07-15 11:38:32,Cancelled
ORD-00297,CUST-0018,PROD-0017,3,119.97,2026-07-09 19:38:32,Shipped
ORD-00298,CUST-0036,PROD-0008,1,19.99,2026-05-24 08:38:32,Completed
ORD-00299,CUST-0064,PROD-0017,4,159.96,2026-07-30 12:38:32,Completed
ORD-00300,CUST-0100,PROD-0009,4,359.96,2026-06-17 04:38:32,Completed
ORD-00301,CUST-0089,PROD-0030,4,519.96,2026-06-14 12:38:32,Completed
ORD-00302,CUST-0010,PROD-0015,2,49.98,2026-07-15 11:38:32,Shipped
ORD-00303,CUST-0041,PROD-0022,3,127.5,2026-08-18 11:38:32,Cancelled
ORD-00304,CUST-0070,PROD-0010,3,135.0,2026-06-10 07:38:32,Shipped
ORD-00305,CUST-0090,PROD-0021,2,70.0,2026-07-06 01:38:32,Completed
ORD-00306,CUST-0016,PROD-0007,2,119.98,2026-06-20 00:38:32,Completed
ORD-00307,CUST-0047,PROD-0018,5,349.95,2026-07-06 23:38:32,Cancelled
ORD-00308,CUST-0017,PROD-0020,1,49.99,2026-05-28 18:38:32,Pending
ORD-00309,CUST-0092,PROD-0024,4,63.96,2026-07-26 22:38:32,Pending
ORD-00310,CUST-0074,PROD-0003,2,239.98,2026-06-30 05:38:32,Completed
ORD-00311,CUST-0058,PROD-0015,5,124.95,2026-07-03 13:38:32,Cancelled
ORD-00312,CUST-0082,PROD-0019,2,79.98,2026-06-05 22:38:32,Cancelled
ORD-00313,CUST-0008,PROD-0027,1,22.0,2026-07-25 13:38:32,Completed
ORD-00314,CUST-0022,PROD-0006,3,179.97,2026-08-18 16:38:32,Completed
ORD-00315,CUST-0067,PROD-0029,3,104.97,2026-05-30 17:38:32,Completed
ORD-00316,CUST-0082,PROD-0018,3,209.97,2026-06-06 05:38:32,Completed
ORD-00317,CUST-0079,PROD-0018,1,69.99,2026-07-24 05:38:32,Completed
ORD-00318,CUST-0076,PROD-0019,2,79.98,2026-06-11 06:38:32,Cancelled
ORD-00319,CUST-0093,PROD-0029,5,174.95,2026-07-03 03:38:32,Completed
ORD-00320,CUST-0004,PROD-0003,1,119.99,2026-08-11 03:38:32,Completed
ORD-00321,CUST-0084,PROD-0007,5,299.95,2026-07-13 04:38:32,Shipped
ORD-00322,CUST-0004,PROD-0016,5,149.95,2026-06-27 05:38:32,Completed
ORD-00323,CUST-0062,PROD-0008,4,79.96,2026-06-27 23:38:32,Completed
ORD-00324,CUST-0089,PROD-0002,2,399.98,2026-07-15 22:38:32,Pending
ORD-00325,CUST-0060,PROD-0007,3,179.97,2026-08-05 13:38:32,Completed
ORD-00326,CUST-0092,PROD-0011,3,89.97,2026-07-10 13:38:32,Completed
ORD-00327,CUST-0066,PROD-0018,1,69.99,2026-06-29 16:38:32,Pending
ORD-00328,CUST-0016,PROD-0009,4,359.96,2026-06-20 13:38:32,Completed
ORD-00329,CUST-0007,PROD-0010,4,180.0,2026-08-06 22:38:32,Completed
ORD-00330,CUST-0021,PROD-0027,3,66.0,2026-08-02 08:38:32,Completed
ORD-00331,CUST-0025,PROD-0025,2,37.0,2026-07-23 01:38:32,Pending
ORD-00332,CUST-0064,PROD-0029,3,104.97,2026-07-22 09:38:32,Completed
ORD-00333,CUST-0051,PROD-0017,4,159.96,2026-06-19 15:38:32,Cancelled
ORD-00334,CUST-0046,PROD-0002,1,199.99,2026-06-26 00:38:32,Cancelled
ORD-00335,CUST-0084,PROD-0022,4,170.0,2026-06-26 02:38:32,Completed
ORD-00336,CUST-0014,PROD-0014,2,179.98,2026-06-23 08:38:32,Completed
ORD-00337,CUST-0098,PROD-0013,3,149.97,2026-05-25 21:38:32,Completed
ORD-00338,CUST-0073,PROD-0018,2,139.98,2026-07-06 02:38:32,Completed
ORD-00339,CUST-0010,PROD-0013,5,249.95,2026-07-17 02:38:32,Completed
ORD-00340,CUST-0080,PROD-0022,5,212.5,2026-06-04 13:38:32,Completed
ORD-00341,CUST-0051,PROD-0012,3,44.97,2026-07-30 20:38:32,Completed
ORD-00342,CUST-0026,PROD-0020,5,249.95,2026-07-11 01:38:32,Completed
ORD-00343,CUST-0006,PROD-0002,2,399.98,2026-07-02 00:38:32,Cancelled
ORD-00344,CUST-0059,PROD-0005,5,249.95,2026-07-24 13:38:32,Completed
ORD-00345,CUST-0079,PROD-0011,2,59.98,2026-07-10 04:38:32,Shipped
ORD-00346,CUST-0039,PROD-0019,3,119.97,2026-07-24 01:38:32,Cancelled
ORD-00347,CUST-0063,PROD-0023,5,224.95,2026-06-28 00:38:32,Completed
ORD-00348,CUST-0048,PROD-0011,1,29.99,2026-07-13 03:38:32,Completed
ORD-00349,CUST-0093,PROD-0028,1,25.0,2026-08-05 00:38:32,Completed
ORD-00350,CUST-0084,PROD-0026,5,324.95,2026-08-01 16:38:32,Shipped
ORD-00351,CUST-0007,PROD-0019,4,159.96,2026-06-11 01:38:32,Shipped
ORD-00352,CUST-0093,PROD-0020,4,199.96,2026-06-08 06:38:32,Completed
ORD-00353,CUST-0005,PROD-0019,1,39.99,2026-06-13 09:38:32,Pending
ORD-00354,CUST-0041,PROD-0014,2,179.98,2026-07-12 07:38:32,Completed
ORD-00355,CUST-0053,PROD-0017,5,199.95,2026-07-20 08:38:32,Shipped
ORD-00356,CUST-0008,PROD-0023,2,89.98,2026-07-25 15:38:32,Cancelled
ORD-00357,CUST-0042,PROD-0022,4,170.0,2026-07-26 21:38:32,Completed
ORD-00358,CUST-0023,PROD-0015,5,124.95,2026-07-03 02:38:32,Completed
ORD-00359,CUST-0087,PROD-0025,3,55.5,2026-08-07 00:38:32,Completed
ORD-00360,CUST-0032,PROD-0009,5,449.95,2026-06-27 16:38:32,Completed
ORD-00361,CUST-0099,PROD-0010,2,90.0,2026-08-17 07:38:32,Pending
ORD-00362,CUST-0041,PROD-0016,3,89.97,2026-07-31 08:38:32,Completed
ORD-00363,CUST-0037,PROD-0004,5,174.95,2026-08-15 02:38:32,Pending
ORD-00364,CUST-0051,PROD-0027,3,66.0,2026-06-07 18:38:32,Completed
ORD-00365,CUST-0037,PROD-0023,1,44.99,2026-07-03 23:38:32,Shipped
ORD-00366,CUST-0033,PROD-0024,4,63.96,2026-06-16 15:38:32,Cancelled
ORD-00367,CUST-0035,PROD-0030,5,649.95,2026-08-17 17:38:32,Completed
ORD-00368,CUST-0014,PROD-0020,5,249.95,2026-06-19 16:38:32,Completed
ORD-00369,CUST-0086,PROD-0029,5,174.95,2026-06-18 05:38:32,Completed
ORD-00370,CUST-0007,PROD-0004,4,139.96,2026-07-02 07:38:32,Pending
ORD-00371,CUST-0013,PROD-0022,2,85.0,2026-05-21 02:38:32,Completed
ORD-00372,CUST-0053,PROD-0021,4,140.0,2026-07-21 05:38:32,Completed
ORD-00373,CUST-0097,PROD-0010,3,135.0,2026-06-26 05:38:32,Completed
ORD-00374,CUST-0099,PROD-0003,5,599.95,2026-06-19 02:38:32,Shipped
ORD-00375,CUST-0093,PROD-0028,1,25.0,2026-06-11 22:38:32,Completed
ORD-00376,CUST-0005,PROD-0027,4,88.0,2026-07-22 14:38:32,Shipped
ORD-00377,CUST-0038,PROD-0029,1,34.99,2026-05-21 18:38:32,Cancelled
ORD-00378,CUST-0078,PROD-0004,3,104.97,2026-06-25 23:38:32,Shipped
ORD-00379,CUST-0070,PROD-0017,4,159.96,2026-06-07 01:38:32,Pending
ORD-00380,CUST-0035,PROD-0007,1,59.99,2026-07-01 14:38:32,Shipped
ORD-00381,CUST-0059,PROD-0021,3,105.0,2026-06-12 09:38:32,Shipped
ORD-00382,CUST-0044,PROD-0026,3,194.97,2026-08-01 06:38:32,Completed
ORD-00383,CUST-0023,PROD-0020,4,199.96,2026-07-14 01:38:32,Completed
ORD-00384,CUST-0012,PROD-0013,1,49.99,2026-06-12 13:38:32,Pending
ORD-00385,CUST-0042,PROD-0030,2,259.98,2026-05-20 17:38:32,Pending
ORD-00386,CUST-0031,PROD-0015,3,74.97,2026-07-01 18:38:32,Cancelled
ORD-00387,CUST-0093,PROD-0019,1,39.99,2026-06-23 05:38:32,Completed
ORD-00388,CUST-0089,PROD-0008,1,19.99,2026-08-13 12:38:32,Pending
ORD-00389,CUST-0040,PROD-0006,4,239.96,2026-08-16 01:38:32,Shipped
ORD-00390,CUST-0099,PROD-0010,1,45.0,2026-08-09 18:38:32,Completed
ORD-00391,CUST-0079,PROD-0008,2,39.98,2026-06-07 00:38:32,Completed
ORD-00392,CUST-0059,PROD-0024,5,79.95,2026-07-06 22:38:32,Shipped
ORD-00393,CUST-0071,PROD-0030,4,519.96,2026-07-28 06:38:32,Completed
ORD-00394,CUST-0098,PROD-0008,5,99.95,2026-05-31 01:38:32,Pending
ORD-00395,CUST-0068,PROD-0023,3,134.97,2026-05-30 03:38:32,Completed
ORD-00396,CUST-0008,PROD-0027,5,110.0,2026-07-23 15:38:32,Cancelled
ORD-00397,CUST-0069,PROD-0005,2,99.98,2026-07-01 01:38:32,Pending
ORD-00398,CUST-0015,PROD-0022,2,85.0,2026-08-03 00:38:32,Completed
ORD-00399,CUST-0066,PROD-0015,1,24.99,2026-07-17 13:38:32,Cancelled
ORD-00400,CUST-0054,PROD-0015,5,124.95,2026-05-28 02:38:32,Pending
ORD-00401,CUST-0087,PROD-0026,3,194.97,2026-05-22 21:38:32,Completed
ORD-00402,CUST-0001,PROD-0024,2,31.98,2026-08-02 11:38:32,Completed
ORD-00403,CUST-0055,PROD-0012,1,14.99,2026-07-28 10:38:32,Completed
ORD-00404,CUST-0061,PROD-0002,3,599.97,2026-07-11 14:38:32,Completed
ORD-00405,CUST-0099,PROD-0021,4,140.0,2026-07-06 21:38:32,Pending
ORD-00406,CUST-0049,PROD-0013,1,49.99,2026-08-16 06:38:32,Cancelled
ORD-00407,CUST-0018,PROD-0021,3,105.0,2026-06-04 14:38:32,Cancelled
ORD-00408,CUST-0051,PROD-0017,2,79.98,2026-06-17 09:38:32,Completed
ORD-00409,CUST-0039,PROD-0015,5,124.95,2026-07-14 02:38:32,Pending
ORD-00410,CUST-0030,PROD-0008,4,79.96,2026-07-03 13:38:32,Completed
ORD-00411,CUST-0025,PROD-0030,1,129.99,2026-05-25 06:38:32,Pending
ORD-00412,CUST-0079,PROD-0025,1,18.5,2026-06-19 15:38:32,Completed
ORD-00413,CUST-0013,PROD-0020,1,49.99,2026-07-17 04:38:32,Shipped
ORD-00414,CUST-0091,PROD-0028,1,25.0,2026-06-21 08:38:32,Completed
ORD-00415,CUST-0052,PROD-0015,2,49.98,2026-07-28 15:38:32,Completed
ORD-00416,CUST-0018,PROD-0017,3,119.97,2026-06-19 08:38:32,Cancelled
ORD-00417,CUST-0041,PROD-0019,5,199.95,2026-08-14 19:38:32,Completed
ORD-00418,CUST-0039,PROD-0029,2,69.98,2026-08-13 01:38:32,Completed
ORD-00419,CUST-0053,PROD-0010,3,135.0,2026-05-28 02:38:32,Cancelled
ORD-00420,CUST-0095,PROD-0030,2,259.98,2026-08-09 06:38:32,Pending
ORD-00421,CUST-0072,PROD-0016,1,29.99,2026-07-04 05:38:32,Shipped
ORD-00422,CUST-0049,PROD-0026,5,324.95,2026-06-30 07:38:32,Pending
ORD-00423,CUST-0053,PROD-0005,3,149.97,2026-07-07 14:38:32,Cancelled
ORD-00424,CUST-0061,PROD-0008,2,39.98,2026-06-28 07:38:32,Completed
ORD-00425,CUST-0060,PROD-0030,1,129.99,2026-07-30 22:38:32,Pending
ORD-00426,CUST-0072,PROD-0017,2,79.98,2026-07-08 16:38:32,Completed
ORD-00427,CUST-0027,PROD-0011,1,29.99,2026-07-16 20:38:32,Completed
ORD-00428,CUST-0069,PROD-0024,2,31.98,2026-05-26 17:38:32,Pending
ORD-00429,CUST-0087,PROD-0020,5,249.95,2026-05-25 11:38:32,Completed
ORD-00430,CUST-0098,PROD-0019,5,199.95,2026-06-17 00:38:32,Completed
ORD-00431,CUST-0043,PROD-0010,1,45.0,2026-06-16 15:38:32,Shipped
ORD-00432,CUST-0016,PROD-0024,4,63.96,2026-06-21 07:38:32,Cancelled
ORD-00433,CUST-0091,PROD-0007,4,239.96,2026-06-20 02:38:32,Completed
ORD-00434,CUST-0100,PROD-0010,4,180.0,2026-07-19 02:38:32,Shipped
ORD-00435,CUST-0046,PROD-0010,3,135.0,2026-07-06 01:38:32,Pending
ORD-00436,CUST-0060,PROD-0004,4,139.96,2026-06-29 15:38:32,Completed
ORD-00437,CUST-0041,PROD-0014,1,89.99,2026-07-31 16:38:32,Shipped
ORD-00438,CUST-0019,PROD-0001,3,239.97,2026-07-30 03:38:32,Cancelled
ORD-00439,CUST-0093,PROD-0014,3,269.97,2026-06-08 15:38:32,Completed
ORD-00440,CUST-0030,PROD-0013,5,249.95,2026-06-21 00:38:32,Cancelled
ORD-00441,CUST-0084,PROD-0022,3,127.5,2026-06-22 00:38:32,Shipped
ORD-00442,CUST-0083,PROD-0024,4,63.96,2026-07-17 14:38:32,Shipped
ORD-00443,CUST-0046,PROD-0006,2,119.98,2026-07-29 00:38:32,Completed
ORD-00444,CUST-0070,PROD-0021,1,35.0,2026-07-26 10:38:32,Completed
ORD-00445,CUST-0086,PROD-0002,1,199.99,2026-07-11 13:38:32,Shipped
ORD-00446,CUST-0030,PROD-0003,2,239.98,2026-05-21 15:38:32,Cancelled
ORD-00447,CUST-0059,PROD-0012,1,14.99,2026-08-08 05:38:32,Shipped
ORD-00448,CUST-0079,PROD-0030,4,519.96,2026-08-13 00:38:32,Completed
ORD-00449,CUST-0001,PROD-0018,5,349.95,2026-07-11 09:38:32,Completed
ORD-00450,CUST-0068,PROD-0024,3,47.97,2026-07-27 18:38:32,Completed
ORD-00451,CUST-0065,PROD-0027,4,88.0,2026-06-11 12:38:32,Completed
ORD-00452,CUST-0068,PROD-0005,2,99.98,2026-06-14 04:38:32,Cancelled
ORD-00453,CUST-0033,PROD-0027,3,66.0,2026-06-23 21:38:32,Completed
ORD-00454,CUST-0048,PROD-0013,4,199.96,2026-07-31 16:38:32,Shipped
ORD-00455,CUST-0029,PROD-0010,1,45.0,2026-08-12 05:38:32,Completed
ORD-00456,CUST-0012,PROD-0013,4,199.96,2026-07-08 02:38:32,Pending
ORD-00457,CUST-0008,PROD-0021,1,35.0,2026-08-17 14:38:32,Completed
ORD-00458,CUST-0064,PROD-0028,4,100.0,2026-08-10 19:38:32,Cancelled
ORD-00459,CUST-0013,PROD-0029,5,174.95,2026-05-25 16:38:32,Completed
ORD-00460,CUST-0089,PROD-0029,5,174.95,2026-07-19 17:38:32,Completed
ORD-00461,CUST-0010,PROD-0022,3,127.5,2026-07-29 03:38:32,Shipped
ORD-00462,CUST-0005,PROD-0006,3,179.97,2026-05-22 15:38:32,Cancelled
ORD-00463,CUST-0019,PROD-0025,4,74.0,2026-05-29 18:38:32,Completed
ORD-00464,CUST-0073,PROD-0008,5,99.95,2026-07-09 06:38:32,Cancelled
ORD-00465,CUST-0043,PROD-0013,2,99.98,2026-08-17 08:38:32,Completed
ORD-00466,CUST-0065,PROD-0024,3,47.97,2026-05-26 12:38:32,Pending
ORD-00467,CUST-0030,PROD-0027,1,22.0,2026-07-03 04:38:32,Cancelled
ORD-00468,CUST-0077,PROD-0013,3,149.97,2026-05-24 05:38:32,Completed
ORD-00469,CUST-0058,PROD-0016,2,59.98,2026-07-05 02:38:32,Pending
ORD-00470,CUST-0056,PROD-0006,5,299.95,2026-08-12 21:38:32,Completed
ORD-00471,CUST-0099,PROD-0020,3,149.97,2026-06-21 07:38:32,Completed
ORD-00472,CUST-0011,PROD-0009,2,179.98,2026-07-08 07:38:32,Shipped
ORD-00473,CUST-0020,PROD-0024,4,63.96,2026-06-29 20:38:32,Completed
ORD-00474,CUST-0012,PROD-0001,3,239.97,2026-07-15 20:38:32,Completed
ORD-00475,CUST-0014,PROD-0005,1,49.99,2026-06-12 22:38:32,Pending
ORD-00476,CUST-0072,PROD-0018,5,349.95,2026-07-11 12:38:32,Completed
ORD-00477,CUST-0012,PROD-0012,5,74.95,2026-06-01 04:38:32,Cancelled
ORD-00478,CUST-0042,PROD-0028,4,100.0,2026-05-21 18:38:32,Pending
ORD-00479,CUST-0050,PROD-0025,1,18.5,2026-07-30 16:38:32,Cancelled
ORD-00480,CUST-0067,PROD-0006,4,239.96,2026-06-10 13:38:32,Completed
ORD-00481,CUST-0039,PROD-0009,4,359.96,2026-06-07 11:38:32,Completed
ORD-00482,CUST-0056,PROD-0009,4,359.96,2026-06-28 00:38:32,Completed
ORD-00483,CUST-0047,PROD-0009,2,179.98,2026-08-09 00:38:32,Cancelled
ORD-00484,CUST-0079,PROD-0007,4,239.96,2026-06-02 13:38:32,Completed
ORD-00485,CUST-0001,PROD-0013,3,149.97,2026-08-07 21:38:32,Completed
ORD-00486,CUST-0057,PROD-0011,4,119.96,2026-08-12 04:38:32,Completed
ORD-00487,CUST-0039,PROD-0011,5,149.95,2026-08-16 15:38:32,Pending
ORD-00488,CUST-0041,PROD-0006,4,239.96,2026-06-29 18:38:32,Shipped
ORD-00489,CUST-0089,PROD-0021,4,140.0,2026-08-01 16:38:32,Completed
ORD-00490,CUST-0049,PROD-0009,4,359.96,2026-07-05 12:38:32,Cancelled
ORD-00491,CUST-0026,PROD-0019,5,199.95,2026-06-13 06:38:32,Cancelled
ORD-00492,CUST-0004,PROD-0024,4,63.96,2026-08-18 15:38:32,Pending
ORD-00493,CUST-0038,PROD-0027,1,22.0,2026-07-12 06:38:32,Pending
ORD-00494,CUST-0018,PROD-0021,3,105.0,2026-06-19 17:38:32,Shipped
ORD-00495,CUST-0020,PROD-0023,4,179.96,2026-07-07 11:38:32,Pending
ORD-00496,CUST-0077,PROD-0016,5,149.95,2026-07-11 02:38:32,Cancelled
ORD-00497,CUST-0089,PROD-0014,5,449.95,2026-05-24 20:38:32,Shipped
ORD-00498,CUST-0069,PROD-0020,1,49.99,2026-06-02 16:38:32,Shipped
ORD-00499,CUST-0086,PROD-0012,2,29.98,2026-08-11 04:38:32,Completed
ORD-00500,CUST-0073,PROD-0021,4,140.0,2026-07-01 22:38:32,Completed
ORD-00501,CUST-0002,PROD-0004,3,104.97,2026-06-18 01:38:32,Shipped
ORD-00502,CUST-0067,PROD-0018,5,349.95,2026-08-17 03:38:32,Completed
ORD-00503,CUST-0058,PROD-0012,4,59.96,2026-07-19 06:38:32,Cancelled
ORD-00504,CUST-0089,PROD-0017,2,79.98,2026-07-03 09:38:32,Pending
ORD-00505,CUST-0014,PROD-0010,4,180.0,2026-05-30 12:38:32,Shipped
ORD-00506,CUST-0019,PROD-0012,3,44.97,2026-07-02 23:38:32,Completed
ORD-00507,CUST-0067,PROD-0016,3,89.97,2026-07-19 12:38:32,Pending
ORD-00508,CUST-0093,PROD-0023,4,179.96,2026-06-29 11:38:32,Completed
ORD-00509,CUST-0006,PROD-0026,1,64.99,2026-05-22 19:38:32,Shipped
ORD-00510,CUST-0014,PROD-0022,2,85.0,2026-06-21 01:38:32,Completed
ORD-00511,CUST-0071,PROD-0006,3,179.97,2026-07-30 22:38:32,Pending
ORD-00512,CUST-0030,PROD-0026,4,259.96,2026-08-08 14:38:32,Completed
ORD-00513,CUST-0082,PROD-0022,4,170.0,2026-07-09 09:38:32,Shipped
ORD-00514,CUST-0079,PROD-0029,2,69.98,2026-07-17 03:38:32,Pending
ORD-00515,CUST-0050,PROD-0001,2,159.98,2026-06-15 17:38:32,Shipped
ORD-00516,CUST-0009,PROD-0019,1,39.99,2026-07-27 14:38:32,Completed
ORD-00517,CUST-0042,PROD-0007,4,239.96,2026-06-03 17:38:32,Shipped
ORD-00518,CUST-0063,PROD-0017,3,119.97,2026-08-04 21:38:32,Cancelled
ORD-00519,CUST-0051,PROD-0019,1,39.99,2026-07-03 20:38:32,Pending
ORD-00520,CUST-0080,PROD-0006,3,179.97,2026-08-07 03:38:32,Completed
ORD-00521,CUST-0087,PROD-0005,3,149.97,2026-06-04 16:38:32,Completed
ORD-00522,CUST-0015,PROD-0006,3,179.97,2026-08-16 13:38:32,Cancelled
ORD-00523,CUST-0050,PROD-0014,5,449.95,2026-06-07 03:38:32,Pending
ORD-00524,CUST-0055,PROD-0006,4,239.96,2026-08-10 02:38:32,Shipped
ORD-00525,CUST-0083,PROD-0030,2,259.98,2026-07-30 14:38:32,Pending
ORD-00526,CUST-0037,PROD-0005,2,99.98,2026-06-29 23:38:32,Cancelled
ORD-00527,CUST-0007,PROD-0028,3,75.0,2026-05-22 00:38:32,Completed
ORD-00528,CUST-0025,PROD-0027,4,88.0,2026-07-31 01:38:32,Shipped
ORD-00529,CUST-0064,PROD-0014,4,359.96,2026-07-13 07:38:32,Pending
ORD-00530,CUST-0063,PROD-0006,1,59.99,2026-07-31 09:38:32,Completed
ORD-00531,CUST-0038,PROD-0002,3,599.97,2026-06-18 02:38:32,Completed
ORD-00532,CUST-0022,PROD-0025,4,74.0,2026-08-01 08:38:32,Pending
ORD-00533,CUST-0071,PROD-0017,1,39.99,2026-08-01 12:38:32,Completed
ORD-00534,CUST-0100,PROD-0018,3,209.97,2026-07-28 10:38:32,Shipped
ORD-00535,CUST-0057,PROD-0018,2,139.98,2026-07-13 12:38:32,Shipped
ORD-00536,CUST-0084,PROD-0025,2,37.0,2026-06-27 10:38:32,Pending
ORD-00537,CUST-0034,PROD-0012,1,14.99,2026-07-15 12:38:32,Completed
ORD-00538,CUST-0027,PROD-0026,5,324.95,2026-08-16 20:38:32,Shipped
ORD-00539,CUST-0079,PROD-0021,4,140.0,2026-06-11 04:38:32,Completed
ORD-00540,CUST-0027,PROD-0027,2,44.0,2026-05-28 03:38:32,Completed
ORD-00541,CUST-0069,PROD-0009,5,449.95,2026-07-27 14:38:32,Completed
ORD-00542,CUST-0091,PROD-0010,3,135.0,2026-08-01 17:38:32,Cancelled
ORD-00543,CUST-0087,PROD-0027,1,22.0,2026-06-06 22:38:32,Completed
ORD-00544,CUST-0036,PROD-0028,2,50.0,2026-08-17 13:38:32,Completed
ORD-00545,CUST-0019,PROD-0023,3,134.97,2026-06-21 06:38:32,Pending
ORD-00546,CUST-0063,PROD-0005,5,249.95,2026-08-08 17:38:32,Shipped
ORD-00547,CUST-0054,PROD-0013,4,199.96,2026-05-30 05:38:32,Completed
ORD-00548,CUST-0052,PROD-0017,3,119.97,2026-08-16 20:38:32,Pending
ORD-00549,CUST-0063,PROD-0011,5,149.95,2026-05-21 08:38:32,Completed
ORD-00550,CUST-0094,PROD-0015,3,74.97,2026-05-29 02:38:32,Pending
ORD-00551,CUST-0028,PROD-0014,2,179.98,2026-07-22 17:38:32,Completed
ORD-00552,CUST-0037,PROD-0011,5,149.95,2026-08-01 13:38:32,Cancelled
ORD-00553,CUST-0063,PROD-0026,3,194.97,2026-08-15 10:38:32,Completed
ORD-00554,CUST-0013,PROD-0021,4,140.0,2026-05-22 12:38:32,Completed
ORD-00555,CUST-0057,PROD-0015,1,24.99,2026-07-13 15:38:32,Shipped
ORD-00556,CUST-0017,PROD-0029,3,104.97,2026-06-09 17:38:32,Completed
ORD-00557,CUST-0084,PROD-0012,3,44.97,2026-05-30 20:38:32,Shipped
ORD-00558,CUST-0084,PROD-0006,1,59.99,2026-07-10 05:38:32,Completed
ORD-00559,CUST-0093,PROD-0023,2,89.98,2026-07-14 05:38:32,Completed
ORD-00560,CUST-0091,PROD-0004,1,34.99,2026-06-17 00:38:32,Completed
ORD-00561,CUST-0017,PROD-0019,2,79.98,2026-07-26 06:38:32,Pending
ORD-00562,CUST-0002,PROD-0001,3,239.97,2026-06-04 22:38:32,Shipped
ORD-00563,CUST-0017,PROD-0016,1,29.99,2026-06-18 21:38:32,Completed
ORD-00564,CUST-0094,PROD-0026,1,64.99,2026-06-02 19:38:32,Completed
ORD-00565,CUST-0039,PROD-0005,4,199.96,2026-06-07 05:38:32,Shipped
ORD-00566,CUST-0019,PROD-0003,5,599.95,2026-07-31 09:38:32,Cancelled
ORD-00567,CUST-0084,PROD-0006,4,239.96,2026-07-04 08:38:32,Completed
ORD-00568,CUST-0081,PROD-0024,2,31.98,2026-07-12 04:38:32,Shipped
ORD-00569,CUST-0057,PROD-0028,2,50.0,2026-05-31 12:38:32,Completed
ORD-00570,CUST-0097,PROD-0004,5,174.95,2026-07-08 20:38:32,Pending
ORD-00571,CUST-0041,PROD-0026,2,129.98,2026-06-20 17:38:32,Shipped
ORD-00572,CUST-0011,PROD-0008,5,99.95,2026-08-05 04:38:32,Shipped
ORD-00573,CUST-0078,PROD-0010,1,45.0,2026-08-12 18:38:32,Completed
ORD-00574,CUST-0067,PROD-0020,5,249.95,2026-06-14 08:38:32,Pending
ORD-00575,CUST-0038,PROD-0021,1,35.0,2026-06-20 00:38:32,Pending
ORD-00576,CUST-0015,PROD-0008,4,79.96,2026-08-10 04:38:32,Completed
ORD-00577,CUST-0068,PROD-0029,1,34.99,2026-07-05 19:38:32,Completed
ORD-00578,CUST-0050,PROD-0028,5,125.0,2026-07-12 20:38:32,Cancelled
ORD-00579,CUST-0088,PROD-0006,4,239.96,2026-05-29 09:38:32,Cancelled
ORD-00580,CUST-0009,PROD-0001,3,239.97,2026-06-16 10:38:32,Completed
ORD-00581,CUST-0051,PROD-0017,3,119.97,2026-08-09 07:38:32,Cancelled
ORD-00582,CUST-0099,PROD-0014,4,359.96,2026-08-17 21:38:32,Completed
ORD-00583,CUST-0082,PROD-0018,5,349.95,2026-08-06 13:38:32,Completed
ORD-00584,CUST-0011,PROD-0010,1,45.0,2026-07-24 15:38:32,Completed
ORD-00585,CUST-0069,PROD-0011,4,119.96,2026-08-04 05:38:32,Shipped
ORD-00586,CUST-0088,PROD-0021,1,35.0,2026-06-29 07:38:32,Pending
ORD-00587,CUST-0094,PROD-0028,2,50.0,2026-05-27 16:38:32,Completed
ORD-00588,CUST-0056,PROD-0004,4,139.96,2026-08-07 04:38:32,Completed
ORD-00589,CUST-0040,PROD-0022,2,85.0,2026-06-04 09:38:32,Shipped
ORD-00590,CUST-0018,PROD-0023,1,44.99,2026-06-10 00:38:32,Completed
ORD-00591,CUST-0067,PROD-0017,3,119.97,2026-06-10 20:38:32,Completed
ORD-00592,CUST-0096,PROD-0025,3,55.5,2026-06-04 09:38:32,Completed
ORD-00593,CUST-0055,PROD-0009,5,449.95,2026-05-28 17:38:32,Shipped
ORD-00594,CUST-0074,PROD-0021,1,35.0,2026-07-22 23:38:32,Cancelled
ORD-00595,CUST-0047,PROD-0002,4,799.96,2026-07-31 14:38:32,Completed
ORD-00596,CUST-0021,PROD-0009,1,89.99,2026-08-02 06:38:32,Shipped
ORD-00597,CUST-0015,PROD-0008,5,99.95,2026-05-20 10:38:32,Completed
ORD-00598,CUST-0032,PROD-0002,4,799.96,2026-07-05 21:38:32,Completed
ORD-00599,CUST-0023,PROD-0030,1,129.99,2026-07-30 07:38:32,Shipped
ORD-00600,CUST-0084,PROD-0014,2,179.98,2026-06-30 16:38:32,Pending
ORD-00601,CUST-0093,PROD-0011,3,89.97,2026-05-30 03:38:32,Completed
ORD-00602,CUST-0016,PROD-0017,1,39.99,2026-06-11 16:38:32,Cancelled
ORD-00603,CUST-0006,PROD-0013,1,49.99,2026-07-18 18:38:32,Completed
ORD-00604,CUST-0042,PROD-0003,5,599.95,2026-07-17 09:38:32,Completed
ORD-00605,CUST-0026,PROD-0010,5,225.0,2026-06-28 08:38:32,Cancelled
ORD-00606,CUST-0032,PROD-0015,3,74.97,2026-08-04 00:38:32,Completed
ORD-00607,CUST-0094,PROD-0029,5,174.95,2026-06-20 13:38:32,Completed
ORD-00608,CUST-0053,PROD-0001,2,159.98,2026-07-28 20:38:32,Shipped
ORD-00609,CUST-0089,PROD-0029,1,34.99,2026-07-01 09:38:32,Shipped
ORD-00610,CUST-0049,PROD-0028,3,75.0,2026-06-02 15:38:32,Cancelled
ORD-00611,CUST-0031,PROD-0014,4,359.96,2026-05-27 13:38:32,Shipped
ORD-00612,CUST-0036,PROD-0003,1,119.99,2026-06-19 01:38:32,Pending
ORD-00613,CUST-0090,PROD-0029,3,104.97,2026-07-18 08:38:32,Completed
ORD-00614,CUST-0075,PROD-0004,5,174.95,2026-06-07 05:38:32,Pending
ORD-00615,CUST-0010,PROD-0019,5,199.95,2026-05-27 22:38:32,Shipped
ORD-00616,CUST-0017,PROD-0008,3,59.97,2026-06-22 19:38:32,Pending
ORD-00617,CUST-0090,PROD-0027,3,66.0,2026-06-29 23:38:32,Completed
ORD-00618,CUST-0030,PROD-0003,2,239.98,2026-06-07 03:38:32,Completed
ORD-00619,CUST-0020,PROD-0004,2,69.98,2026-07-16 23:38:32,Completed
ORD-00620,CUST-0053,PROD-0004,5,174.95,2026-07-04 15:38:32,Pending
ORD-00621,CUST-0040,PROD-0015,3,74.97,2026-06-04 11:38:32,Completed
ORD-00622,CUST-0088,PROD-0010,5,225.0,2026-05-25 15:38:32,Completed
ORD-00623,CUST-0019,PROD-0003,2,239.98,2026-07-04 21:38:32,Cancelled
ORD-00624,CUST-0007,PROD-0022,3,127.5,2026-06-22 14:38:32,Completed
ORD-00625,CUST-0052,PROD-0028,4,100.0,2026-07-31 08:38:32,Cancelled
ORD-00626,CUST-0032,PROD-0004,4,139.96,2026-06-02 13:38:32,Completed
ORD-00627,CUST-0002,PROD-0002,2,399.98,2026-06-05 15:38:32,Pending
ORD-00628,CUST-0048,PROD-0022,1,42.5,2026-08-03 03:38:32,Completed
ORD-00629,CUST-0010,PROD-0001,1,79.99,2026-06-15 05:38:32,Pending
ORD-00630,CUST-0017,PROD-0003,3,359.97,2026-06-04 10:38:32,Pending
ORD-00631,CUST-0007,PROD-0006,5,299.95,2026-07-15 08:38:32,Pending
ORD-00632,CUST-0064,PROD-0001,4,319.96,2026-08-15 22:38:32,Completed
ORD-00633,CUST-0046,PROD-0007,2,119.98,2026-06-24 17:38:32,Pending
ORD-00634,CUST-0020,PROD-0002,5,999.95,2026-08-08 04:38:32,Completed
ORD-00635,CUST-0083,PROD-0010,4,180.0,2026-07-12 02:38:32,Pending
ORD-00636,CUST-0008,PROD-0003,3,359.97,2026-07-08 13:38:32,Pending
ORD-00637,CUST-0026,PROD-0021,5,175.0,2026-06-21 05:38:32,Cancelled
ORD-00638,CUST-0003,PROD-0013,3,149.97,2026-07-21 02:38:32,Pending
ORD-00639,CUST-0045,PROD-0030,5,649.95,2026-07-23 19:38:32,Pending
ORD-00640,CUST-0035,PROD-0006,1,59.99,2026-06-30 04:38:32,Completed
ORD-00641,CUST-0004,PROD-0029,3,104.97,2026-05-28 00:38:32,Cancelled
ORD-00642,CUST-0046,PROD-0025,5,92.5,2026-06-18 14:38:32,Completed
ORD-00643,CUST-0032,PROD-0022,2,85.0,2026-06-24 02:38:32,Shipped
ORD-00644,CUST-0008,PROD-0025,2,37.0,2026-08-01 21:38:32,Completed
ORD-00645,CUST-0023,PROD-0006,2,119.98,2026-08-03 19:38:32,Shipped
ORD-00646,CUST-0090,PROD-0012,5,74.95,2026-05-24 07:38:32,Shipped
ORD-00647,CUST-0046,PROD-0019,5,199.95,2026-06-08 03:38:32,Completed
ORD-00648,CUST-0064,PROD-0018,3,209.97,2026-06-12 00:38:32,Completed
ORD-00649,CUST-0012,PROD-0002,2,399.98,2026-08-05 16:38:32,Completed
ORD-00650,CUST-0068,PROD-0016,1,29.99,2026-07-02 04:38:32,Completed
ORD-00651,CUST-0017,PROD-0011,2,59.98,2026-06-30 10:38:32,Completed
ORD-00652,CUST-0019,PROD-0019,2,79.98,2026-06-04 01:38:32,Completed
ORD-00653,CUST-0010,PROD-0012,4,59.96,2026-08-03 12:38:32,Completed
ORD-00654,CUST-0039,PROD-0011,2,59.98,2026-06-10 08:38:32,Pending
ORD-00655,CUST-0082,PROD-0016,3,89.97,2026-06-12 07:38:32,Cancelled
ORD-00656,CUST-0089,PROD-0029,5,174.95,2026-07-04 16:38:32,Shipped
ORD-00657,CUST-0076,PROD-0027,2,44.0,2026-07-07 18:38:32,Shipped
ORD-00658,CUST-0089,PROD-0010,2,90.0,2026-06-12 08:38:32,Completed
ORD-00659,CUST-0090,PROD-0019,4,159.96,2026-07-31 10:38:32,Completed
ORD-00660,CUST-0078,PROD-0011,5,149.95,2026-06-18 05:38:32,Cancelled
ORD-00661,CUST-0014,PROD-0030,4,519.96,2026-06-07 19:38:32,Shipped
ORD-00662,CUST-0010,PROD-0008,3,59.97,2026-06-29 14:38:32,Shipped
ORD-00663,CUST-0012,PROD-0027,3,66.0,2026-07-16 09:38:32,Completed
ORD-00664,CUST-0027,PROD-0008,1,19.99,2026-07-03 17:38:32,Completed
ORD-00665,CUST-0093,PROD-0001,1,79.99,2026-07-08 23:38:32,Shipped
ORD-00666,CUST-0054,PROD-0006,4,239.96,2026-07-22 21:38:32,Completed
ORD-00667,CUST-0070,PROD-0013,1,49.99,2026-07-21 03:38:32,Shipped
ORD-00668,CUST-0098,PROD-0022,2,85.0,2026-06-09 23:38:32,Completed
ORD-00669,CUST-0005,PROD-0010,1,45.0,2026-06-29 17:38:32,Completed
ORD-00670,CUST-0010,PROD-0011,2,59.98,2026-07-07 14:38:32,Shipped
ORD-00671,CUST-0010,PROD-0018,1,69.99,2026-07-03 04:38:32,Cancelled
ORD-00672,CUST-0062,PROD-0023,1,44.99,2026-07-15 05:38:32,Completed
ORD-00673,CUST-0078,PROD-0029,4,139.96,2026-06-09 10:38:32,Completed
ORD-00674,CUST-0043,PROD-0007,2,119.98,2026-07-12 07:38:32,Cancelled
ORD-00675,CUST-0093,PROD-0030,5,649.95,2026-06-23 06:38:32,Completed
ORD-00676,CUST-0039,PROD-0008,1,19.99,2026-05-26 21:38:32,Cancelled
ORD-00677,CUST-0071,PROD-0027,4,88.0,2026-06-08 10:38:32,Completed
ORD-00678,CUST-0001,PROD-0014,1,89.99,2026-06-27 06:38:32,Shipped
ORD-00679,CUST-0077,PROD-0016,2,59.98,2026-06-01 09:38:32,Completed
ORD-00680,CUST-0022,PROD-0021,3,105.0,2026-05-31 00:38:32,Completed
ORD-00681,CUST-0040,PROD-0026,4,259.96,2026-07-20 00:38:32,Shipped
ORD-00682,CUST-0034,PROD-0003,5,599.95,2026-07-08 14:38:32,Completed
ORD-00683,CUST-0049,PROD-0012,2,29.98,2026-07-16 10:38:32,Completed
ORD-00684,CUST-0057,PROD-0015,3,74.97,2026-06-17 17:38:32,Cancelled
ORD-00685,CUST-0008,PROD-0005,1,49.99,2026-05-31 06:38:32,Completed
ORD-00686,CUST-0070,PROD-0014,5,449.95,2026-06-19 02:38:32,Completed
ORD-00687,CUST-0050,PROD-0027,5,110.0,2026-07-13 02:38:32,Shipped
ORD-00688,CUST-0061,PROD-0019,2,79.98,2026-07-19 18:38:32,Completed
ORD-00689,CUST-0051,PROD-0029,1,34.99,2026-07-24 03:38:32,Cancelled
ORD-00690,CUST-0074,PROD-0022,5,212.5,2026-06-07 12:38:32,Pending
ORD-00691,CUST-0023,PROD-0006,2,119.98,2026-06-13 13:38:32,Completed
ORD-00692,CUST-0055,PROD-0003,4,479.96,2026-06-15 05:38:32,Completed
ORD-00693,CUST-0077,PROD-0009,3,269.97,2026-05-28 11:38:32,Pending
ORD-00694,CUST-0072,PROD-0013,5,249.95,2026-06-30 17:38:32,Cancelled
ORD-00695,CUST-0059,PROD-0030,1,129.99,2026-08-18 04:38:32,Cancelled
ORD-00696,CUST-0067,PROD-0026,4,259.96,2026-06-03 22:38:32,Completed
ORD-00697,CUST-0019,PROD-0019,5,199.95,2026-08-02 12:38:32,Completed
ORD-00698,CUST-0073,PROD-0025,1,18.5,2026-06-26 02:38:32,Completed
ORD-00699,CUST-0053,PROD-0009,4,359.96,2026-08-12 00:38:32,Cancelled
ORD-00700,CUST-0078,PROD-0016,1,29.99,2026-06-11 17:38:32,Pending
ORD-00701,CUST-0019,PROD-0020,5,249.95,2026-08-16 07:38:32,Pending
ORD-00702,CUST-0005,PROD-0013,3,149.97,2026-08-16 16:38:32,Completed
ORD-00703,CUST-0096,PROD-0016,3,89.97,2026-07-06 09:38:32,Completed
ORD-00704,CUST-0039,PROD-0010,3,135.0,2026-07-22 07:38:32,Shipped
ORD-00705,CUST-0013,PROD-0028,2,50.0,2026-06-06 18:38:32,Shipped
ORD-00706,CUST-0057,PROD-0025,3,55.5,2026-06-24 08:38:32,Pending
ORD-00707,CUST-0078,PROD-0021,1,35.0,2026-06-13 23:38:32,Completed
ORD-00708,CUST-0053,PROD-0024,4,63.96,2026-07-25 20:38:32,Completed
ORD-00709,CUST-0066,PROD-0026,2,129.98,2026-05-28 18:38:32,Shipped
ORD-00710,CUST-0065,PROD-0013,2,99.98,2026-07-27 03:38:32,Completed
ORD-00711,CUST-0023,PROD-0007,2,119.98,2026-05-27 16:38:32,Completed
ORD-00712,CUST-0059,PROD-0002,3,599.97,2026-08-18 15:38:32,Completed
ORD-00713,CUST-0048,PROD-0027,4,88.0,2026-07-23 21:38:32,Shipped
ORD-00714,CUST-0016,PROD-0022,1,42.5,2026-06-19 20:38:32,Pending
ORD-00715,CUST-0077,PROD-0015,2,49.98,2026-07-20 03:38:32,Cancelled
ORD-00716,CUST-0045,PROD-0012,2,29.98,2026-06-23 08:38:32,Shipped
ORD-00717,CUST-0012,PROD-0010,1,45.0,2026-07-08 10:38:32,Completed
ORD-00718,CUST-0074,PROD-0025,2,37.0,2026-06-18 05:38:32,Completed
ORD-00719,CUST-0087,PROD-0007,3,179.97,2026-08-11 22:38:32,Cancelled
ORD-00720,CUST-0003,PROD-0028,1,25.0,2026-07-19 13:38:32,Shipped
ORD-00721,CUST-0023,PROD-0020,1,49.99,2026-06-17 17:38:32,Cancelled
ORD-00722,CUST-0040,PROD-0023,3,134.97,2026-07-13 21:38:32,Completed
ORD-00723,CUST-0059,PROD-0009,2,179.98,2026-07-18 18:38:32,Shipped
ORD-00724,CUST-0067,PROD-0027,5,110.0,2026-07-10 03:38:32,Completed
ORD-00725,CUST-0001,PROD-0017,3,119.97,2026-07-31 05:38:32,Cancelled
ORD-00726,CUST-0078,PROD-0010,3,135.0,2026-08-15 12:38:32,Pending
ORD-00727,CUST-0009,PROD-0011,3,89.97,2026-08-09 19:38:32,Completed
ORD-00728,CUST-0034,PROD-0021,3,105.0,2026-06-13 13:38:32,Cancelled
ORD-00729,CUST-0098,PROD-0008,1,19.99,2026-08-04 21:38:32,Shipped
ORD-00730,CUST-0041,PROD-0022,2,85.0,2026-05-24 05:38:32,Pending
ORD-00731,CUST-0038,PROD-0009,4,359.96,2026-07-10 21:38:32,Shipped
ORD-00732,CUST-0005,PROD-0019,5,199.95,2026-06-13 19:38:32,Shipped
ORD-00733,CUST-0092,PROD-0008,5,99.95,2026-08-10 00:38:32,Shipped
ORD-00734,CUST-0046,PROD-0017,3,119.97,2026-06-11 06:38:32,Cancelled
ORD-00735,CUST-0024,PROD-0010,1,45.0,2026-07-19 13:38:32,Shipped
ORD-00736,CUST-0034,PROD-0024,5,79.95,2026-06-13 06:38:32,Completed
ORD-00737,CUST-0084,PROD-0003,2,239.98,2026-07-04 16:38:32,Shipped
ORD-00738,CUST-0040,PROD-0014,3,269.97,2026-07-06 17:38:32,Cancelled
ORD-00739,CUST-0038,PROD-0015,1,24.99,2026-07-19 10:38:32,Shipped
ORD-00740,CUST-0075,PROD-0019,5,199.95,2026-05-30 00:38:32,Completed
ORD-00741,CUST-0065,PROD-0004,4,139.96,2026-07-26 18:38:32,Pending
ORD-00742,CUST-0007,PROD-0028,2,50.0,2026-06-06 15:38:32,Completed
ORD-00743,CUST-0053,PROD-0019,4,159.96,2026-06-07 19:38:32,Shipped
ORD-00744,CUST-0024,PROD-0025,1,18.5,2026-07-21 19:38:32,Shipped
ORD-00745,CUST-0023,PROD-0011,1,29.99,2026-05-20 23:38:32,Completed
ORD-00746,CUST-0027,PROD-0025,2,37.0,2026-08-01 14:38:32,Pending
ORD-00747,CUST-0098,PROD-0025,1,18.5,2026-06-06 04:38:32,Pending
ORD-00748,CUST-0082,PROD-0014,4,359.96,2026-07-14 00:38:32,Pending
ORD-00749,CUST-0001,PROD-0002,5,999.95,2026-06-15 08:38:32,Completed
ORD-00750,CUST-0002,PROD-0029,3,104.97,2026-07-26 15:38:32,Completed
ORD-00751,CUST-0087,PROD-0001,2,159.98,2026-06-18 07:38:32,Completed
ORD-00752,CUST-0040,PROD-0005,1,49.99,2026-07-09 01:38:32,Cancelled
ORD-00753,CUST-0040,PROD-0006,1,59.99,2026-05-25 18:38:32,Completed
ORD-00754,CUST-0059,PROD-0024,5,79.95,2026-08-05 01:38:32,Completed
ORD-00755,CUST-0056,PROD-0029,2,69.98,2026-07-03 00:38:32,Completed
ORD-00756,CUST-0097,PROD-0007,2,119.98,2026-07-10 09:38:32,Completed
ORD-00757,CUST-0029,PROD-0024,2,31.98,2026-06-17 08:38:32,Completed
ORD-00758,CUST-0076,PROD-0017,2,79.98,2026-06-04 20:38:32,Shipped
ORD-00759,CUST-0084,PROD-0026,1,64.99,2026-07-08 05:38:32,Completed
ORD-00760,CUST-0099,PROD-0018,5,349.95,2026-05-27 04:38:32,Completed
ORD-00761,CUST-0085,PROD-0004,1,34.99,2026-05-27 07:38:32,Completed
ORD-00762,CUST-0054,PROD-0015,4,99.96,2026-06-05 02:38:32,Completed
ORD-00763,CUST-0061,PROD-0023,2,89.98,2026-06-16 07:38:32,Shipped
ORD-00764,CUST-0081,PROD-0001,3,239.97,2026-07-13 06:38:32,Completed
ORD-00765,CUST-0085,PROD-0017,3,119.97,2026-08-08 04:38:32,Shipped
ORD-00766,CUST-0018,PROD-0014,1,89.99,2026-07-25 08:38:32,Cancelled
ORD-00767,CUST-0016,PROD-0010,1,45.0,2026-06-03 00:38:32,Completed
ORD-00768,CUST-0078,PROD-0007,3,179.97,2026-07-25 15:38:32,Completed
ORD-00769,CUST-0091,PROD-0014,3,269.97,2026-06-09 10:38:32,Cancelled
ORD-00770,CUST-0064,PROD-0030,2,259.98,2026-08-17 00:38:32,Completed
ORD-00771,CUST-0031,PROD-0001,1,79.99,2026-08-13 11:38:32,Completed
ORD-00772,CUST-0074,PROD-0022,4,170.0,2026-06-08 11:38:32,Cancelled
ORD-00773,CUST-0010,PROD-0024,1,15.99,2026-06-22 05:38:32,Completed
ORD-00774,CUST-0059,PROD-0010,3,135.0,2026-07-18 10:38:32,Completed
ORD-00775,CUST-0023,PROD-0028,1,25.0,2026-06-26 20:38:32,Shipped
ORD-00776,CUST-0041,PROD-0014,1,89.99,2026-06-01 10:38:32,Completed
ORD-00777,CUST-0018,PROD-0022,2,85.0,2026-07-01 20:38:32,Pending
ORD-00778,CUST-0080,PROD-0009,1,89.99,2026-07-06 19:38:32,Completed
ORD-00779,CUST-0015,PROD-0013,4,199.96,2026-07-17 17:38:32,Pending
ORD-00780,CUST-0089,PROD-0028,4,100.0,2026-07-13 05:38:32,Completed
ORD-00781,CUST-0015,PROD-0005,1,49.99,2026-06-09 12:38:32,Pending
ORD-00782,CUST-0076,PROD-0016,5,149.95,2026-08-14 23:38:32,Completed
ORD-00783,CUST-0079,PROD-0013,3,149.97,2026-08-06 09:38:32,Shipped
ORD-00784,CUST-0094,PROD-0029,2,69.98,2026-07-21 00:38:32,Completed
ORD-00785,CUST-0053,PROD-0015,1,24.99,2026-05-28 17:38:32,Shipped
ORD-00786,CUST-0041,PROD-0001,5,399.95,2026-08-02 08:38:32,Cancelled
ORD-00787,CUST-0029,PROD-0022,3,127.5,2026-07-26 01:38:32,Shipped
ORD-00788,CUST-0090,PROD-0020,1,49.99,2026-07-15 06:38:32,Shipped
ORD-00789,CUST-0032,PROD-0016,3,89.97,2026-08-13 06:38:32,Shipped
ORD-00790,CUST-0050,PROD-0005,5,249.95,2026-08-06 10:38:32,Completed
ORD-00791,CUST-0083,PROD-0030,2,259.98,2026-07-24 00:38:32,Pending
ORD-00792,CUST-0022,PROD-0003,4,479.96,2026-06-30 16:38:32,Completed
ORD-00793,CUST-0036,PROD-0002,5,999.95,2026-06-18 02:38:32,Shipped
ORD-00794,CUST-0049,PROD-0013,2,99.98,2026-05-30 23:38:32,Pending
ORD-00795,CUST-0074,PROD-0015,1,24.99,2026-07-22 23:38:32,Completed
ORD-00796,CUST-0016,PROD-0016,1,29.99,2026-06-02 21:38:32,Pending
ORD-00797,CUST-0005,PROD-0018,5,349.95,2026-05-20 11:38:32,Cancelled
ORD-00798,CUST-0080,PROD-0021,3,105.0,2026-07-25 02:38:32,Completed
ORD-00799,CUST-0084,PROD-0022,4,170.0,2026-07-02 20:38:32,Completed
ORD-00800,CUST-0029,PROD-0028,4,100.0,2026-07-02 02:38:32,Cancelled
ORD-00801,CUST-0077,PROD-0016,3,89.97,2026-07-16 12:38:32,Completed
ORD-00802,CUST-0098,PROD-0022,2,85.0,2026-05-20 19:38:32,Completed
ORD-00803,CUST-0082,PROD-0026,3,194.97,2026-07-30 01:38:32,Completed
ORD-00804,CUST-0090,PROD-0004,1,34.99,2026-06-11 00:38:32,Completed
ORD-00805,CUST-0092,PROD-0024,4,63.96,2026-06-02 17:38:32,Cancelled
ORD-00806,CUST-0026,PROD-0007,1,59.99,2026-07-09 15:38:32,Pending
ORD-00807,CUST-0025,PROD-0023,3,134.97,2026-06-02 22:38:32,Completed
ORD-00808,CUST-0082,PROD-0027,5,110.0,2026-06-04 23:38:32,Pending
ORD-00809,CUST-0085,PROD-0019,5,199.95,2026-06-07 00:38:32,Completed
ORD-00810,CUST-0068,PROD-0024,1,15.99,2026-07-29 22:38:32,Cancelled
ORD-00811,CUST-0062,PROD-0030,5,649.95,2026-06-12 07:38:32,Cancelled
ORD-00812,CUST-0023,PROD-0024,2,31.98,2026-06-02 21:38:32,Shipped
ORD-00813,CUST-0077,PROD-0020,3,149.97,2026-07-23 21:38:32,Pending
ORD-00814,CUST-0078,PROD-0030,2,259.98,2026-06-24 21:38:32,Completed
ORD-00815,CUST-0038,PROD-0015,2,49.98,2026-06-06 22:38:32,Cancelled
ORD-00816,CUST-0090,PROD-0029,5,174.95,2026-06-28 07:38:32,Cancelled
ORD-00817,CUST-0041,PROD-0023,5,224.95,2026-08-08 15:38:32,Completed
ORD-00818,CUST-0027,PROD-0020,3,149.97,2026-08-15 20:38:32,Shipped
ORD-00819,CUST-0017,PROD-0023,2,89.98,2026-07-24 02:38:32,Shipped
ORD-00820,CUST-0082,PROD-0011,1,29.99,2026-07-05 02:38:32,Pending
ORD-00821,CUST-0075,PROD-0019,4,159.96,2026-08-15 08:38:32,Cancelled
ORD-00822,CUST-0037,PROD-0029,4,139.96,2026-05-22 01:38:32,Completed
ORD-00823,CUST-0004,PROD-0013,2,99.98,2026-05-27 06:38:32,Completed
ORD-00824,CUST-0026,PROD-0009,2,179.98,2026-06-26 06:38:32,Completed
ORD-00825,CUST-0019,PROD-0027,1,22.0,2026-08-16 18:38:32,Completed
ORD-00826,CUST-0097,PROD-0018,1,69.99,2026-07-04 23:38:32,Completed
ORD-00827,CUST-0079,PROD-0028,5,125.0,2026-06-18 08:38:32,Shipped
ORD-00828,CUST-0072,PROD-0013,2,99.98,2026-07-25 07:38:32,Completed
ORD-00829,CUST-0089,PROD-0022,1,42.5,2026-07-07 21:38:32,Pending
ORD-00830,CUST-0088,PROD-0011,5,149.95,2026-05-26 09:38:32,Shipped
ORD-00831,CUST-0033,PROD-0007,5,299.95,2026-07-15 16:38:32,Shipped
ORD-00832,CUST-0091,PROD-0023,3,134.97,2026-08-04 02:38:32,Shipped
ORD-00833,CUST-0078,PROD-0007,2,119.98,2026-06-26 23:38:32,Completed
ORD-00834,CUST-0088,PROD-0003,2,239.98,2026-06-12 08:38:32,Cancelled
ORD-00835,CUST-0016,PROD-0013,1,49.99,2026-07-13 17:38:32,Cancelled
ORD-00836,CUST-0034,PROD-0005,2,99.98,2026-08-02 17:38:32,Completed
ORD-00837,CUST-0043,PROD-0015,2,49.98,2026-05-25 13:38:32,Completed
ORD-00838,CUST-0077,PROD-0002,5,999.95,2026-08-12 18:38:32,Pending
ORD-00839,CUST-0074,PROD-0018,3,209.97,2026-05-30 07:38:32,Completed
ORD-00840,CUST-0068,PROD-0008,2,39.98,2026-07-25 11:38:32,Cancelled
ORD-00841,CUST-0021,PROD-0014,5,449.95,2026-07-27 21:38:32,Completed
ORD-00842,CUST-0045,PROD-0008,2,39.98,2026-08-12 19:38:32,Completed
ORD-00843,CUST-0047,PROD-0010,2,90.0,2026-08-08 01:38:32,Pending
ORD-00844,CUST-0072,PROD-0027,1,22.0,2026-06-04 06:38:32,Completed
ORD-00845,CUST-0058,PROD-0008,5,99.95,2026-08-07 16:38:32,Completed
ORD-00846,CUST-0088,PROD-0029,3,104.97,2026-07-07 12:38:32,Pending
ORD-00847,CUST-0033,PROD-0018,3,209.97,2026-05-24 01:38:32,Completed
ORD-00848,CUST-0066,PROD-0026,5,324.95,2026-07-17 00:38:32,Completed
ORD-00849,CUST-0038,PROD-0029,2,69.98,2026-07-01 01:38:32,Completed
ORD-00850,CUST-0013,PROD-0006,5,299.95,2026-07-27 09:38:32,Shipped
ORD-00851,CUST-0009,PROD-0007,2,119.98,2026-08-15 22:38:32,Completed
ORD-00852,CUST-0027,PROD-0018,4,279.96,2026-08-10 11:38:32,Shipped
ORD-00853,CUST-0088,PROD-0005,1,49.99,2026-07-18 07:38:32,Completed
ORD-00854,CUST-0005,PROD-0003,1,119.99,2026-05-26 14:38:32,Completed
ORD-00855,CUST-0072,PROD-0003,5,599.95,2026-06-18 17:38:32,Pending
ORD-00856,CUST-0050,PROD-0015,4,99.96,2026-07-14 19:38:32,Completed
ORD-00857,CUST-0050,PROD-0022,1,42.5,2026-07-27 09:38:32,Shipped
ORD-00858,CUST-0093,PROD-0020,1,49.99,2026-08-02 10:38:32,Shipped
ORD-00859,CUST-0010,PROD-0012,5,74.95,2026-06-02 18:38:32,Shipped
ORD-00860,CUST-0039,PROD-0020,1,49.99,2026-06-25 23:38:32,Pending
ORD-00861,CUST-0051,PROD-0027,1,22.0,2026-07-19 14:38:32,Cancelled
ORD-00862,CUST-0029,PROD-0005,4,199.96,2026-07-28 18:38:32,Shipped
ORD-00863,CUST-0019,PROD-0010,3,135.0,2026-05-22 02:38:32,Cancelled
ORD-00864,CUST-0019,PROD-0004,1,34.99,2026-05-21 03:38:32,Cancelled
ORD-00865,CUST-0051,PROD-0018,5,349.95,2026-05-30 18:38:32,Completed
ORD-00866,CUST-0096,PROD-0024,3,47.97,2026-06-16 22:38:32,Shipped
ORD-00867,CUST-0066,PROD-0005,2,99.98,2026-06-12 16:38:32,Cancelled
ORD-00868,CUST-0033,PROD-0007,1,59.99,2026-06-13 06:38:32,Cancelled
ORD-00869,CUST-0007,PROD-0028,5,125.0,2026-07-19 05:38:32,Cancelled
ORD-00870,CUST-0010,PROD-0010,1,45.0,2026-06-21 12:38:32,Completed
ORD-00871,CUST-0093,PROD-0019,4,159.96,2026-07-01 20:38:32,Completed
ORD-00872,CUST-0086,PROD-0021,2,70.0,2026-06-01 18:38:32,Cancelled
ORD-00873,CUST-0009,PROD-0029,2,69.98,2026-06-30 00:38:32,Pending
ORD-00874,CUST-0043,PROD-0020,3,149.97,2026-08-17 03:38:32,Completed
ORD-00875,CUST-0073,PROD-0019,3,119.97,2026-06-29 22:38:32,Completed
ORD-00876,CUST-0001,PROD-0011,2,59.98,2026-06-18 07:38:32,Shipped
ORD-00877,CUST-0083,PROD-0014,3,269.97,2026-07-05 13:38:32,Shipped
ORD-00878,CUST-0094,PROD-0011,4,119.96,2026-07-18 23:38:32,Completed
ORD-00879,CUST-0100,PROD-0010,4,180.0,2026-07-29 12:38:32,Completed
ORD-00880,CUST-0083,PROD-0020,1,49.99,2026-06-24 13:38:32,Cancelled
ORD-00881,CUST-0026,PROD-0009,1,89.99,2026-05-29 09:38:32,Cancelled
ORD-00882,CUST-0081,PROD-0001,5,399.95,2026-08-02 21:38:32,Cancelled
ORD-00883,CUST-0028,PROD-0030,1,129.99,2026-07-29 17:38:32,Cancelled
ORD-00884,CUST-0070,PROD-0016,2,59.98,2026-07-05 21:38:32,Completed
ORD-00885,CUST-0099,PROD-0019,3,119.97,2026-06-06 23:38:32,Cancelled
ORD-00886,CUST-0066,PROD-0003,4,479.96,2026-07-06 01:38:32,Completed
ORD-00887,CUST-0085,PROD-0008,5,99.95,2026-08-15 14:38:32,Cancelled
ORD-00888,CUST-0018,PROD-0015,2,49.98,2026-06-12 03:38:32,Cancelled
ORD-00889,CUST-0085,PROD-0028,2,50.0,2026-07-20 20:38:32,Completed
ORD-00890,CUST-0029,PROD-0025,4,74.0,2026-06-18 11:38:32,Completed
ORD-00891,CUST-0048,PROD-0008,1,19.99,2026-08-13 15:38:32,Cancelled
ORD-00892,CUST-0047,PROD-0013,4,199.96,2026-07-17 10:38:32,Completed
ORD-00893,CUST-0084,PROD-0011,1,29.99,2026-08-19 01:38:32,Shipped
ORD-00894,CUST-0036,PROD-0027,3,66.0,2026-08-03 02:38:32,Cancelled
ORD-00895,CUST-0023,PROD-0013,4,199.96,2026-07-06 03:38:32,Shipped
ORD-00896,CUST-0010,PROD-0017,3,119.97,2026-07-07 16:38:32,Cancelled
ORD-00897,CUST-0052,PROD-0012,3,44.97,2026-07-22 00:38:32,Cancelled
ORD-00898,CUST-0001,PROD-0017,2,79.98,2026-07-15 14:38:32,Completed
ORD-00899,CUST-0010,PROD-0017,3,119.97,2026-06-16 13:38:32,Completed
ORD-00900,CUST-0021,PROD-0012,5,74.95,2026-06-05 06:38:32,Completed
ORD-00901,CUST-0054,PROD-0026,3,194.97,2026-06-04 00:38:32,Shipped
ORD-00902,CUST-0062,PROD-0016,2,59.98,2026-08-03 14:38:32,Shipped
ORD-00903,CUST-0053,PROD-0001,2,159.98,2026-05-25 13:38:32,Cancelled
ORD-00904,CUST-0076,PROD-0006,2,119.98,2026-08-09 01:38:32,Completed
ORD-00905,CUST-0074,PROD-0005,1,49.99,2026-06-10 17:38:32,Completed
ORD-00906,CUST-0067,PROD-0013,5,249.95,2026-08-01 05:38:32,Completed
ORD-00907,CUST-0093,PROD-0024,3,47.97,2026-05-30 15:38:32,Pending
ORD-00908,CUST-0078,PROD-0016,4,119.96,2026-06-10 16:38:32,Pending
ORD-00909,CUST-0077,PROD-0005,5,249.95,2026-06-13 04:38:32,Shipped
ORD-00910,CUST-0066,PROD-0009,2,179.98,2026-08-15 19:38:32,Pending
ORD-00911,CUST-0077,PROD-0019,1,39.99,2026-06-18 21:38:32,Pending
ORD-00912,CUST-0017,PROD-0004,1,34.99,2026-06-15 01:38:32,Cancelled
ORD-00913,CUST-0088,PROD-0014,2,179.98,2026-08-05 12:38:32,Completed
ORD-00914,CUST-0061,PROD-0029,5,174.95,2026-08-04 10:38:32,Cancelled
ORD-00915,CUST-0065,PROD-0025,1,18.5,2026-06-01 00:38:32,Shipped
ORD-00916,CUST-0017,PROD-0029,5,174.95,2026-07-28 09:38:32,Shipped
ORD-00917,CUST-0084,PROD-0014,5,449.95,2026-07-12 20:38:32,Completed
ORD-00918,CUST-0090,PROD-0017,4,159.96,2026-06-19 00:38:32,Pending
ORD-00919,CUST-0045,PROD-0019,5,199.95,2026-06-01 22:38:32,Completed
ORD-00920,CUST-0033,PROD-0016,2,59.98,2026-05-30 18:38:32,Cancelled
ORD-00921,CUST-0070,PROD-0014,3,269.97,2026-06-13 09:38:32,Shipped
ORD-00922,CUST-0096,PROD-0026,1,64.99,2026-08-02 01:38:32,Completed
ORD-00923,CUST-0067,PROD-0001,4,319.96,2026-08-11 15:38:32,Shipped
ORD-00924,CUST-0041,PROD-0014,3,269.97,2026-06-02 13:38:32,Pending
ORD-00925,CUST-0084,PROD-0019,3,119.97,2026-06-23 02:38:32,Pending
ORD-00926,CUST-0073,PROD-0012,5,74.95,2026-06-25 06:38:32,Pending
ORD-00927,CUST-0097,PROD-0007,4,239.96,2026-07-30 02:38:32,Pending
ORD-00928,CUST-0023,PROD-0012,5,74.95,2026-07-31 00:38:32,Completed
ORD-00929,CUST-0040,PROD-0019,3,119.97,2026-08-18 21:38:32,Shipped
ORD-00930,CUST-0018,PROD-0028,1,25.0,2026-06-18 23:38:32,Shipped
ORD-00931,CUST-0021,PROD-0004,2,69.98,2026-07-24 21:38:32,Completed
ORD-00932,CUST-0071,PROD-0020,1,49.99,2026-06-09 21:38:32,Shipped
ORD-00933,CUST-0001,PROD-0026,1,64.99,2026-06-08 00:38:32,Cancelled
ORD-00934,CUST-0056,PROD-0003,1,119.99,2026-06-22 16:38:32,Completed
ORD-00935,CUST-0011,PROD-0020,1,49.99,2026-07-08 21:38:32,Cancelled
ORD-00936,CUST-0084,PROD-0017,3,119.97,2026-08-04 10:38:32,Completed
ORD-00937,CUST-0082,PROD-0016,4,119.96,2026-05-21 15:38:32,Shipped
ORD-00938,CUST-0067,PROD-0010,2,90.0,2026-05-25 04:38:32,Cancelled
ORD-00939,CUST-0067,PROD-0023,2,89.98,2026-08-06 14:38:32,Shipped
ORD-00940,CUST-0005,PROD-0012,2,29.98,2026-08-11 09:38:32,Completed
ORD-00941,CUST-0012,PROD-0009,4,359.96,2026-07-05 06:38:32,Pending
ORD-00942,CUST-0052,PROD-0019,2,79.98,2026-07-25 09:38:32,Shipped
ORD-00943,CUST-0091,PROD-0003,1,119.99,2026-07-29 18:38:32,Shipped
ORD-00944,CUST-0072,PROD-0030,5,649.95,2026-07-03 20:38:32,Completed
ORD-00945,CUST-0029,PROD-0020,2,99.98,2026-07-17 21:38:32,Cancelled
ORD-00946,CUST-0001,PROD-0009,2,179.98,2026-07-12 01:38:32,Completed
ORD-00947,CUST-0072,PROD-0003,5,599.95,2026-06-26 19:38:32,Completed
ORD-00948,CUST-0066,PROD-0009,5,449.95,2026-08-01 17:38:32,Shipped
ORD-00949,CUST-0057,PROD-0013,5,249.95,2026-07-20 16:38:32,Completed
ORD-00950,CUST-0100,PROD-0015,4,99.96,2026-08-03 09:38:32,Pending
ORD-00951,CUST-0015,PROD-0009,1,89.99,2026-07-08 05:38:32,Completed
ORD-00952,CUST-0087,PROD-0023,2,89.98,2026-06-29 22:38:32,Completed
ORD-00953,CUST-0067,PROD-0018,1,69.99,2026-08-17 17:38:32,Completed
ORD-00954,CUST-0037,PROD-0003,4,479.96,2026-08-15 08:38:32,Completed
ORD-00955,CUST-0010,PROD-0018,2,139.98,2026-07-19 19:38:32,Completed
ORD-00956,CUST-0028,PROD-0029,5,174.95,2026-06-23 14:38:32,Shipped
ORD-00957,CUST-0088,PROD-0030,2,259.98,2026-07-23 08:38:32,Completed
ORD-00958,CUST-0031,PROD-0024,2,31.98,2026-06-22 15:38:32,Completed
ORD-00959,CUST-0026,PROD-0027,2,44.0,2026-08-07 20:38:32,Completed
ORD-00960,CUST-0100,PROD-0004,1,34.99,2026-05-31 06:38:32,Shipped
ORD-00961,CUST-0064,PROD-0020,1,49.99,2026-07-28 10:38:32,Pending
ORD-00962,CUST-0048,PROD-0020,3,149.97,2026-07-23 03:38:32,Completed
ORD-00963,CUST-0063,PROD-0006,5,299.95,2026-06-24 21:38:32,Completed
ORD-00964,CUST-0097,PROD-0019,2,79.98,2026-05-27 01:38:32,Pending
ORD-00965,CUST-0062,PROD-0018,1,69.99,2026-07-23 20:38:32,Pending
ORD-00966,CUST-0088,PROD-0025,2,37.0,2026-07-17 12:38:32,Shipped
ORD-00967,CUST-0067,PROD-0015,3,74.97,2026-08-16 09:38:32,Completed
ORD-00968,CUST-0087,PROD-0007,4,239.96,2026-08-02 12:38:32,Completed
ORD-00969,CUST-0047,PROD-0020,3,149.97,2026-06-13 02:38:32,Completed
ORD-00970,CUST-0031,PROD-0009,4,359.96,2026-08-06 19:38:32,Completed
ORD-00971,CUST-0024,PROD-0016,4,119.96,2026-06-15 22:38:32,Shipped
ORD-00972,CUST-0097,PROD-0012,3,44.97,2026-07-10 17:38:32,Pending
ORD-00973,CUST-0024,PROD-0019,2,79.98,2026-08-02 06:38:32,Completed
ORD-00974,CUST-0013,PROD-0024,3,47.97,2026-06-20 02:38:32,Pending
ORD-00975,CUST-0049,PROD-0007,2,119.98,2026-06-09 00:38:32,Completed
ORD-00976,CUST-0023,PROD-0014,4,359.96,2026-06-07 05:38:32,Cancelled
ORD-00977,CUST-0069,PROD-0024,3,47.97,2026-07-21 18:38:32,Completed
ORD-00978,CUST-0072,PROD-0028,5,125.0,2026-05-26 21:38:32,Completed
ORD-00979,CUST-0089,PROD-0006,1,59.99,2026-06-16 17:38:32,Pending
ORD-00980,CUST-0081,PROD-0004,4,139.96,2026-07-01 17:38:32,Completed
ORD-00981,CUST-0047,PROD-0018,5,349.95,2026-06-21 20:38:32,Completed
ORD-00982,CUST-0053,PROD-0004,3,104.97,2026-08-15 04:38:32,Completed
ORD-00983,CUST-0074,PROD-0019,5,199.95,2026-06-11 18:38:32,Completed
ORD-00984,CUST-0042,PROD-0022,5,212.5,2026-07-22 08:38:32,Pending
ORD-00985,CUST-0011,PROD-0013,5,249.95,2026-06-25 23:38:32,Shipped
ORD-00986,CUST-0019,PROD-0028,2,50.0,2026-08-09 19:38:32,Pending
ORD-00987,CUST-0081,PROD-0020,5,249.95,2026-07-10 11:38:32,Completed
ORD-00988,CUST-0021,PROD-0011,2,59.98,2026-06-29 19:38:32,Shipped
ORD-00989,CUST-0038,PROD-0023,3,134.97,2026-08-06 05:38:32,Pending
ORD-00990,CUST-0035,PROD-0029,4,139.96,2026-07-06 08:38:32,Cancelled
ORD-00991,CUST-0067,PROD-0015,4,99.96,2026-06-10 14:38:32,Completed
ORD-00992,CUST-0017,PROD-0024,2,31.98,2026-08-12 17:38:32,Shipped
ORD-00993,CUST-0090,PROD-0024,1,15.99,2026-06-15 14:38:32,Pending
ORD-00994,CUST-0014,PROD-0004,1,34.99,2026-07-20 02:38:32,Completed
ORD-00995,CUST-0004,PROD-0025,4,74.0,2026-07-26 11:38:32,Completed
ORD-00996,CUST-0034,PROD-0020,2,99.98,2026-05-31 05:38:32,Pending
ORD-00997,CUST-0040,PROD-0008,2,39.98,2026-06-25 23:38:32,Shipped
ORD-00998,CUST-0017,PROD-0005,5,249.95,2026-06-10 09:38:32,Completed
ORD-00999,CUST-0085,PROD-0012,3,44.97,2026-07-19 23:38:32,Cancelled
ORD-01000,CUST-0035,PROD-0018,4,279.96,2026-06-07 07:38:32,Cancelled
