payment_id,order_id,payment_method,amount,status,payment_date
PAY-00001,ORD-00001,Apple Pay,25.0,Completed,2026-06-24 20:50:32
PAY-00002,ORD-00002,UPI,249.95,Completed,2026-07-01 10:17:32
PAY-00003,ORD-00003,Apple Pay,299.95,Completed,2026-06-22 11:19:32
PAY-00004,ORD-00004,PayPal,269.97,Refunded,2026-06-29 23:06:32
PAY-00005,ORD-00005,Apple Pay,139.96,Completed,2026-08-01 16:09:32
PAY-00006,ORD-00006,UPI,179.96,Failed,2026-05-21 01:53:32
PAY-00007,ORD-00007,PayPal,31.98,Completed,2026-07-05 22:58:32
PAY-00008,ORD-00008,PayPal,389.97,Completed,2026-08-07 20:05:32
PAY-00009,ORD-00009,PayPal,47.97,Completed,2026-07-23 18:48:32
PAY-00010,ORD-00010,Apple Pay,119.96,Failed,2026-08-17 18:39:32
PAY-00011,ORD-00011,Debit Card,239.96,Completed,2026-08-13 22:31:32
PAY-00012,ORD-00012,PayPal,69.98,Completed,2026-08-07 04:01:32
PAY-00013,ORD-00013,Apple Pay,69.99,Completed,2026-06-27 19:09:32
PAY-00014,ORD-00014,UPI,324.95,Completed,2026-08-06 05:39:32
PAY-00015,ORD-00015,PayPal,99.96,Refunded,2026-08-14 16:27:32
PAY-00016,ORD-00016,UPI,129.98,Completed,2026-08-12 11:39:32
PAY-00017,ORD-00017,PayPal,212.5,Completed,2026-07-01 12:30:32
PAY-00018,ORD-00018,Debit Card,90.0,Completed,2026-06-14 14:17:32
PAY-00019,ORD-00019,Credit Card,79.96,Pending,2026-08-06 12:29:32
PAY-00020,ORD-00020,PayPal,174.95,Completed,2026-06-14 08:14:32
PAY-00021,ORD-00021,UPI,119.96,Completed,2026-06-20 13:51:32
PAY-00022,ORD-00022,Apple Pay,79.99,Completed,2026-07-13 17:35:32
PAY-00023,ORD-00023,UPI,159.96,Completed,2026-05-27 03:06:32
PAY-00024,ORD-00024,UPI,49.98,Failed,2026-07-19 06:54:32
PAY-00025,ORD-00025,UPI,149.97,Completed,2026-07-16 05:32:32
PAY-00026,ORD-00026,PayPal,449.95,Completed,2026-07-16 14:53:32
PAY-00027,ORD-00027,UPI,74.97,Completed,2026-06-21 05:44:32
PAY-00028,ORD-00028,Debit Card,92.5,Completed,2026-07-22 06:19:32
PAY-00029,ORD-00029,Apple Pay,24.99,Completed,2026-06-25 17:12:32
PAY-00030,ORD-00030,PayPal,149.95,Completed,2026-05-30 14:30:32
PAY-00031,ORD-00031,Apple Pay,99.98,Completed,2026-08-18 15:57:32
PAY-00032,ORD-00032,PayPal,269.97,Pending,2026-07-29 00:30:32
PAY-00033,ORD-00033,Debit Card,239.96,Completed,2026-07-09 04:05:32
PAY-00034,ORD-00034,Credit Card,125.0,Completed,2026-07-08 01:33:32
PAY-00035,ORD-00035,Debit Card,180.0,Completed,2026-07-13 02:50:32
PAY-00036,ORD-00036,Credit Card,349.95,Completed,2026-06-18 00:57:32
PAY-00037,ORD-00037,UPI,359.96,Completed,2026-05-23 22:19:32
PAY-00038,ORD-00038,UPI,170.0,Completed,2026-06-11 00:18:32
PAY-00039,ORD-00039,Debit Card,69.99,Refunded,2026-07-10 03:56:32
PAY-00040,ORD-00040,Credit Card,79.99,Completed,2026-08-10 22:59:32
PAY-00041,ORD-00041,Credit Card,59.99,Completed,2026-06-22 21:48:32
PAY-00042,ORD-00042,Credit Card,74.97,Completed,2026-07-02 22:13:32
PAY-00043,ORD-00043,Credit Card,88.0,Pending,2026-06-21 11:50:32
PAY-00044,ORD-00044,PayPal,79.95,Completed,2026-05-26 20:57:32
PAY-00045,ORD-00045,UPI,119.99,Completed,2026-05-23 16:47:32
PAY-00046,ORD-00046,Credit Card,99.98,Pending,2026-06-19 14:25:32
PAY-00047,ORD-00047,Credit Card,174.95,Completed,2026-06-16 23:53:32
PAY-00048,ORD-00048,UPI,55.5,Failed,2026-06-11 04:48:32
PAY-00049,ORD-00049,PayPal,44.99,Completed,2026-06-09 18:52:32
PAY-00050,ORD-00050,PayPal,239.97,Pending,2026-08-02 07:05:32
PAY-00051,ORD-00051,UPI,89.98,Completed,2026-05-30 04:29:32
PAY-00052,ORD-00052,UPI,19.99,Completed,2026-08-17 19:02:32
PAY-00053,ORD-00053,Credit Card,64.99,Completed,2026-07-31 11:23:32
PAY-00054,ORD-00054,Credit Card,269.97,Completed,2026-05-29 02:00:32
PAY-00055,ORD-00055,Debit Card,319.96,Pending,2026-07-21 13:32:32
PAY-00056,ORD-00056,PayPal,140.0,Pending,2026-08-18 13:42:32
PAY-00057,ORD-00057,Credit Card,79.95,Refunded,2026-08-11 18:28:32
PAY-00058,ORD-00058,UPI,74.0,Completed,2026-07-18 23:13:32
PAY-00059,ORD-00059,Debit Card,269.97,Completed,2026-06-20 11:50:32
PAY-00060,ORD-00060,PayPal,79.96,Completed,2026-08-01 05:36:32
PAY-00061,ORD-00061,UPI,29.99,Completed,2026-07-22 20:31:32
PAY-00062,ORD-00062,Credit Card,179.97,Completed,2026-06-22 20:32:32
PAY-00063,ORD-00063,UPI,134.97,Failed,2026-07-30 09:46:32
PAY-00064,ORD-00064,Debit Card,239.98,Refunded,2026-07-12 01:28:32
PAY-00065,ORD-00065,Credit Card,79.96,Pending,2026-08-11 08:26:32
PAY-00066,ORD-00066,UPI,64.99,Completed,2026-05-31 18:51:32
PAY-00067,ORD-00067,Apple Pay,89.98,Failed,2026-06-29 07:26:32
PAY-00068,ORD-00068,Debit Card,149.95,Pending,2026-07-26 21:21:32
PAY-00069,ORD-00069,UPI,209.97,Pending,2026-07-05 08:09:32
PAY-00070,ORD-00070,PayPal,135.0,Completed,2026-06-18 13:22:32
PAY-00071,ORD-00071,PayPal,29.99,Completed,2026-07-28 08:38:32
PAY-00072,ORD-00072,Apple Pay,239.96,Failed,2026-06-25 08:49:32
PAY-00073,ORD-00073,Credit Card,199.95,Completed,2026-06-25 13:12:32
PAY-00074,ORD-00074,UPI,59.97,Completed,2026-06-11 18:55:32
PAY-00075,ORD-00075,PayPal,139.98,Completed,2026-06-24 11:19:32
PAY-00076,ORD-00076,PayPal,90.0,Completed,2026-08-10 00:51:32
PAY-00077,ORD-00077,Credit Card,119.97,Pending,2026-07-20 01:35:32
PAY-00078,ORD-00078,Debit Card,59.99,Completed,2026-06-22 01:34:32
PAY-00079,ORD-00079,Debit Card,199.96,Completed,2026-05-30 03:46:32
PAY-00080,ORD-00080,UPI,399.98,Completed,2026-06-09 04:19:32
PAY-00081,ORD-00081,Debit Card,19.99,Failed,2026-07-30 22:59:32
PAY-00082,ORD-00082,PayPal,324.95,Pending,2026-06-18 02:29:32
PAY-00083,ORD-00083,Credit Card,519.96,Pending,2026-06-28 04:16:32
PAY-00084,ORD-00084,Debit Card,199.95,Completed,2026-05-28 05:04:32
PAY-00085,ORD-00085,Credit Card,37.0,Completed,2026-08-08 15:39:32
PAY-00086,ORD-00086,Apple Pay,239.98,Refunded,2026-06-19 15:16:32
PAY-00087,ORD-00087,PayPal,59.99,Completed,2026-07-11 23:48:32
PAY-00088,ORD-00088,Credit Card,89.97,Completed,2026-05-24 17:28:32
PAY-00089,ORD-00089,Debit Card,180.0,Completed,2026-05-30 06:54:32
PAY-00090,ORD-00090,Credit Card,324.95,Pending,2026-08-12 16:10:32
PAY-00091,ORD-00091,Apple Pay,139.98,Completed,2026-08-10 14:22:32
PAY-00092,ORD-00092,Credit Card,119.99,Failed,2026-06-10 19:00:32
PAY-00093,ORD-00093,Debit Card,110.0,Completed,2026-06-26 00:01:32
PAY-00094,ORD-00094,Apple Pay,134.97,Completed,2026-08-17 22:23:32
PAY-00095,ORD-00095,Debit Card,279.96,Failed,2026-07-15 12:29:32
PAY-00096,ORD-00096,Debit Card,139.96,Completed,2026-07-01 05:10:32
PAY-00097,ORD-00097,UPI,239.98,Refunded,2026-08-15 03:59:32
PAY-00098,ORD-00098,Debit Card,55.5,Completed,2026-08-01 11:25:32
PAY-00099,ORD-00099,PayPal,159.96,Refunded,2026-06-24 14:40:32
PAY-00100,ORD-00100,Debit Card,140.0,Completed,2026-06-01 01:25:32
PAY-00101,ORD-00101,Credit Card,89.97,Completed,2026-08-13 12:55:32
PAY-00102,ORD-00102,UPI,359.96,Pending,2026-06-26 07:10:32
PAY-00103,ORD-00103,PayPal,69.99,Completed,2026-07-17 12:14:32
PAY-00104,ORD-00104,UPI,29.99,Completed,2026-07-11 02:13:32
PAY-00105,ORD-00105,Apple Pay,125.0,Completed,2026-07-18 22:51:32
PAY-00106,ORD-00106,Apple Pay,119.97,Completed,2026-08-08 00:50:32
PAY-00107,ORD-00107,UPI,18.5,Refunded,2026-06-15 18:01:32
PAY-00108,ORD-00108,Apple Pay,389.97,Pending,2026-07-16 07:56:32
PAY-00109,ORD-00109,Apple Pay,399.95,Completed,2026-06-20 08:37:32
PAY-00110,ORD-00110,Credit Card,69.99,Completed,2026-07-29 22:49:32
PAY-00111,ORD-00111,Debit Card,22.0,Completed,2026-07-18 13:12:32
PAY-00112,ORD-00112,PayPal,89.97,Completed,2026-07-25 08:07:32
PAY-00113,ORD-00113,PayPal,88.0,Pending,2026-07-19 17:31:32
PAY-00114,ORD-00114,UPI,199.96,Refunded,2026-06-14 05:13:32
PAY-00115,ORD-00115,Apple Pay,69.98,Pending,2026-05-28 17:39:32
PAY-00116,ORD-00116,Debit Card,649.95,Completed,2026-06-23 10:03:32
PAY-00117,ORD-00117,Credit Card,225.0,Pending,2026-08-03 07:35:32
PAY-00118,ORD-00118,PayPal,124.95,Completed,2026-07-20 21:18:32
PAY-00119,ORD-00119,Apple Pay,92.5,Completed,2026-07-08 00:28:32
PAY-00120,ORD-00120,PayPal,89.98,Completed,2026-08-01 21:54:32
PAY-00121,ORD-00121,Credit Card,89.99,Pending,2026-06-30 09:25:32
PAY-00122,ORD-00122,Apple Pay,519.96,Completed,2026-07-09 07:21:32
PAY-00123,ORD-00123,Debit Card,29.99,Refunded,2026-06-06 02:31:32
PAY-00124,ORD-00124,Apple Pay,25.0,Refunded,2026-07-15 13:12:32
PAY-00125,ORD-00125,Apple Pay,159.98,Completed,2026-07-12 05:48:32
PAY-00126,ORD-00126,PayPal,89.97,Completed,2026-07-03 04:57:32
PAY-00127,ORD-00127,Credit Card,35.0,Refunded,2026-07-02 07:05:32
PAY-00128,ORD-00128,Credit Card,119.96,Failed,2026-07-28 10:45:32
PAY-00129,ORD-00129,Debit Card,59.97,Completed,2026-06-19 09:32:32
PAY-00130,ORD-00130,Credit Card,34.99,Completed,2026-07-15 14:50:32
PAY-00131,ORD-00131,Credit Card,34.99,Completed,2026-05-25 19:51:32
PAY-00132,ORD-00132,Debit Card,44.97,Completed,2026-07-14 14:10:32
PAY-00133,ORD-00133,Credit Card,449.95,Completed,2026-08-15 14:45:32
PAY-00134,ORD-00134,UPI,599.95,Completed,2026-07-08 05:15:32
PAY-00135,ORD-00135,UPI,149.95,Pending,2026-06-07 17:21:32
PAY-00136,ORD-00136,Apple Pay,359.96,Completed,2026-06-22 07:12:32
PAY-00137,ORD-00137,Apple Pay,104.97,Completed,2026-08-15 03:23:32
PAY-00138,ORD-00138,Credit Card,74.97,Completed,2026-08-03 18:55:32
PAY-00139,ORD-00139,Debit Card,134.97,Completed,2026-07-17 19:02:32
PAY-00140,ORD-00140,Credit Card,100.0,Pending,2026-06-02 17:17:32
PAY-00141,ORD-00141,Debit Card,74.95,Completed,2026-06-27 07:39:32
PAY-00142,ORD-00142,Credit Card,88.0,Refunded,2026-06-24 10:20:32
PAY-00143,ORD-00143,Credit Card,18.5,Pending,2026-08-06 09:08:32
PAY-00144,ORD-00144,Apple Pay,37.0,Completed,2026-08-05 21:02:32
PAY-00145,ORD-00145,UPI,299.95,Completed,2026-06-22 07:26:32
PAY-00146,ORD-00146,PayPal,85.0,Completed,2026-08-08 13:31:32
PAY-00147,ORD-00147,Apple Pay,599.97,Failed,2026-07-15 11:29:32
PAY-00148,ORD-00148,Apple Pay,31.98,Completed,2026-05-31 18:56:32
PAY-00149,ORD-00149,PayPal,179.98,Failed,2026-06-14 13:41:32
PAY-00150,ORD-00150,Debit Card,199.95,Completed,2026-06-23 14:43:32
PAY-00151,ORD-00151,Credit Card,194.97,Pending,2026-07-02 13:12:32
PAY-00152,ORD-00152,Debit Card,99.98,Completed,2026-08-15 08:45:32
PAY-00153,ORD-00153,UPI,125.0,Pending,2026-07-05 12:13:32
PAY-00154,ORD-00154,Debit Card,449.95,Completed,2026-06-04 23:51:32
PAY-00155,ORD-00155,Debit Card,47.97,Completed,2026-08-02 22:12:32
PAY-00156,ORD-00156,Apple Pay,69.98,Failed,2026-07-19 10:15:32
PAY-00157,ORD-00157,Apple Pay,149.95,Completed,2026-06-18 06:26:32
PAY-00158,ORD-00158,Credit Card,88.0,Completed,2026-08-17 19:05:32
PAY-00159,ORD-00159,Apple Pay,69.98,Completed,2026-05-25 11:28:32
PAY-00160,ORD-00160,UPI,34.99,Completed,2026-06-20 03:01:32
PAY-00161,ORD-00161,UPI,74.97,Completed,2026-08-14 09:23:32
PAY-00162,ORD-00162,Credit Card,449.95,Completed,2026-06-08 23:35:32
PAY-00163,ORD-00163,Debit Card,88.0,Completed,2026-08-06 22:49:32
PAY-00164,ORD-00164,UPI,134.97,Pending,2026-06-17 00:14:32
PAY-00165,ORD-00165,PayPal,75.0,Completed,2026-06-02 07:11:32
PAY-00166,ORD-00166,Debit Card,104.97,Completed,2026-05-27 22:21:32
PAY-00167,ORD-00167,Apple Pay,139.96,Completed,2026-06-01 07:13:32
PAY-00168,ORD-00168,PayPal,175.0,Completed,2026-05-22 11:07:32
PAY-00169,ORD-00169,Apple Pay,249.95,Refunded,2026-06-15 12:36:32
PAY-00170,ORD-00170,PayPal,79.98,Completed,2026-06-18 19:59:32
PAY-00171,ORD-00171,PayPal,239.97,Refunded,2026-06-07 14:05:32
PAY-00172,ORD-00172,Debit Card,129.98,Completed,2026-06-04 07:17:32
PAY-00173,ORD-00173,Apple Pay,239.97,Completed,2026-06-20 04:15:32
PAY-00174,ORD-00174,UPI,179.97,Completed,2026-05-26 13:52:32
PAY-00175,ORD-00175,Apple Pay,39.99,Pending,2026-05-29 01:28:32
PAY-00176,ORD-00176,PayPal,74.95,Pending,2026-08-03 13:38:32
PAY-00177,ORD-00177,UPI,99.95,Completed,2026-05-26 09:02:32
PAY-00178,ORD-00178,UPI,180.0,Completed,2026-08-10 10:07:32
PAY-00179,ORD-00179,Credit Card,100.0,Completed,2026-07-14 06:39:32
PAY-00180,ORD-00180,Apple Pay,179.96,Completed,2026-05-29 11:57:32
PAY-00181,ORD-00181,PayPal,49.99,Failed,2026-06-05 17:40:32
PAY-00182,ORD-00182,Debit Card,199.95,Refunded,2026-06-30 21:39:32
PAY-00183,ORD-00183,PayPal,180.0,Pending,2026-07-24 04:52:32
PAY-00184,ORD-00184,Apple Pay,64.99,Refunded,2026-08-12 05:40:32
PAY-00185,ORD-00185,Apple Pay,50.0,Completed,2026-07-15 00:11:32
PAY-00186,ORD-00186,Apple Pay,119.96,Completed,2026-07-10 23:15:32
PAY-00187,ORD-00187,Credit Card,119.96,Completed,2026-06-30 06:48:32
PAY-00188,ORD-00188,UPI,199.96,Completed,2026-05-28 11:41:32
PAY-00189,ORD-00189,Debit Card,89.99,Failed,2026-07-06 14:01:32
PAY-00190,ORD-00190,PayPal,199.95,Completed,2026-07-30 19:55:32
PAY-00191,ORD-00191,Apple Pay,269.97,Completed,2026-08-13 23:35:32
PAY-00192,ORD-00192,Debit Card,225.0,Completed,2026-06-28 20:54:32
PAY-00193,ORD-00193,PayPal,79.98,Pending,2026-06-09 06:55:32
PAY-00194,ORD-00194,Apple Pay,25.0,Completed,2026-07-04 02:44:32
PAY-00195,ORD-00195,Apple Pay,55.5,Pending,2026-08-01 17:04:32
PAY-00196,ORD-00196,Debit Card,92.5,Completed,2026-08-07 07:37:32
PAY-00197,ORD-00197,Credit Card,399.95,Completed,2026-08-13 08:25:32
PAY-00198,ORD-00198,PayPal,179.97,Completed,2026-08-17 19:25:32
PAY-00199,ORD-00199,UPI,159.98,Completed,2026-06-08 04:29:32
PAY-00200,ORD-00200,UPI,239.98,Completed,2026-08-09 09:50:32
PAY-00201,ORD-00201,Apple Pay,79.98,Pending,2026-07-07 23:31:32
PAY-00202,ORD-00202,Credit Card,179.97,Completed,2026-06-29 09:31:32
PAY-00203,ORD-00203,PayPal,199.95,Completed,2026-05-30 11:17:32
PAY-00204,ORD-00204,Apple Pay,92.5,Completed,2026-05-27 06:41:32
PAY-00205,ORD-00205,Credit Card,99.96,Pending,2026-07-22 05:03:32
PAY-00206,ORD-00206,Credit Card,179.98,Completed,2026-07-24 13:28:32
PAY-00207,ORD-00207,PayPal,104.97,Refunded,2026-08-15 07:37:32
PAY-00208,ORD-00208,UPI,119.97,Pending,2026-05-25 17:35:32
PAY-00209,ORD-00209,Credit Card,199.99,Completed,2026-06-15 19:05:32
PAY-00210,ORD-00210,Debit Card,149.97,Completed,2026-06-26 20:34:32
PAY-00211,ORD-00211,Apple Pay,119.96,Pending,2026-06-11 14:26:32
PAY-00212,ORD-00212,Credit Card,89.98,Completed,2026-07-24 03:38:32
PAY-00213,ORD-00213,UPI,479.96,Completed,2026-05-25 23:19:32
PAY-00214,ORD-00214,PayPal,129.99,Pending,2026-06-30 03:42:32
PAY-00215,ORD-00215,Credit Card,199.96,Pending,2026-06-26 13:12:32
PAY-00216,ORD-00216,Apple Pay,59.98,Completed,2026-08-07 23:59:32
PAY-00217,ORD-00217,Debit Card,479.96,Pending,2026-06-02 17:15:32
PAY-00218,ORD-00218,Apple Pay,249.95,Completed,2026-05-30 21:59:32
PAY-00219,ORD-00219,Debit Card,59.98,Completed,2026-07-01 15:23:32
PAY-00220,ORD-00220,Credit Card,35.0,Completed,2026-07-27 01:48:32
PAY-00221,ORD-00221,UPI,44.97,Completed,2026-08-10 14:22:32
PAY-00222,ORD-00222,Debit Card,149.97,Failed,2026-06-14 15:07:32
PAY-00223,ORD-00223,PayPal,18.5,Pending,2026-06-12 06:06:32
PAY-00224,ORD-00224,UPI,92.5,Completed,2026-08-03 00:29:32
PAY-00225,ORD-00225,Debit Card,175.0,Completed,2026-07-01 05:48:32
PAY-00226,ORD-00226,Credit Card,24.99,Completed,2026-07-20 00:00:32
PAY-00227,ORD-00227,Apple Pay,194.97,Completed,2026-08-03 11:09:32
PAY-00228,ORD-00228,Credit Card,359.97,Completed,2026-07-19 00:26:32
PAY-00229,ORD-00229,UPI,44.97,Completed,2026-05-30 06:14:32
PAY-00230,ORD-00230,UPI,249.95,Failed,2026-07-08 23:55:32
PAY-00231,ORD-00231,UPI,64.99,Completed,2026-07-17 04:11:32
PAY-00232,ORD-00232,Debit Card,149.95,Completed,2026-07-20 02:28:32
PAY-00233,ORD-00233,Debit Card,24.99,Completed,2026-07-03 08:27:32
PAY-00234,ORD-00234,Apple Pay,70.0,Completed,2026-05-25 17:09:32
PAY-00235,ORD-00235,UPI,124.95,Completed,2026-07-26 04:51:32
PAY-00236,ORD-00236,Apple Pay,44.97,Completed,2026-07-08 23:04:32
PAY-00237,ORD-00237,Apple Pay,49.99,Completed,2026-08-09 05:51:32
PAY-00238,ORD-00238,Apple Pay,29.99,Pending,2026-07-31 07:18:32
PAY-00239,ORD-00239,Debit Card,449.95,Completed,2026-06-08 19:54:32
PAY-00240,ORD-00240,PayPal,85.0,Completed,2026-07-03 18:43:32
PAY-00241,ORD-00241,UPI,170.0,Completed,2026-06-06 05:28:32
PAY-00242,ORD-00242,Apple Pay,225.0,Completed,2026-07-08 05:59:32
PAY-00243,ORD-00243,Credit Card,212.5,Completed,2026-06-01 05:44:32
PAY-00244,ORD-00244,UPI,119.97,Completed,2026-05-22 21:21:32
PAY-00245,ORD-00245,PayPal,179.97,Completed,2026-07-21 16:06:32
PAY-00246,ORD-00246,PayPal,49.99,Failed,2026-06-26 13:01:32
PAY-00247,ORD-00247,Apple Pay,349.95,Completed,2026-05-25 07:01:32
PAY-00248,ORD-00248,Credit Card,99.98,Completed,2026-08-04 22:20:32
PAY-00249,ORD-00249,PayPal,299.95,Pending,2026-06-11 09:28:32
PAY-00250,ORD-00250,PayPal,269.97,Completed,2026-08-15 08:49:32
PAY-00251,ORD-00251,Apple Pay,149.97,Refunded,2026-07-16 17:18:32
PAY-00252,ORD-00252,UPI,180.0,Completed,2026-06-13 20:48:32
PAY-00253,ORD-00253,Debit Card,99.96,Failed,2026-06-25 21:41:32
PAY-00254,ORD-00254,PayPal,179.98,Completed,2026-06-15 05:22:32
PAY-00255,ORD-00255,Credit Card,799.96,Completed,2026-07-07 02:48:32
PAY-00256,ORD-00256,Credit Card,125.0,Completed,2026-06-04 18:46:32
PAY-00257,ORD-00257,Apple Pay,179.97,Completed,2026-07-17 01:54:32
PAY-00258,ORD-00258,Debit Card,239.98,Completed,2026-07-16 21:38:32
PAY-00259,ORD-00259,PayPal,799.96,Completed,2026-07-23 21:34:32
PAY-00260,ORD-00260,PayPal,359.97,Completed,2026-06-17 09:39:32
PAY-00261,ORD-00261,Credit Card,66.0,Completed,2026-06-07 14:23:32
PAY-00262,ORD-00262,UPI,519.96,Completed,2026-08-17 13:58:32
PAY-00263,ORD-00263,Credit Card,124.95,Completed,2026-05-20 12:09:32
PAY-00264,ORD-00264,Apple Pay,119.98,Failed,2026-07-30 09:00:32
PAY-00265,ORD-00265,Debit Card,89.99,Completed,2026-06-25 16:52:32
PAY-00266,ORD-00266,Apple Pay,399.98,Refunded,2026-07-13 06:13:32
PAY-00267,ORD-00267,Credit Card,119.99,Failed,2026-07-23 05:09:32
PAY-00268,ORD-00268,Apple Pay,175.0,Completed,2026-08-01 17:03:32
PAY-00269,ORD-00269,Apple Pay,180.0,Completed,2026-05-21 05:36:32
PAY-00270,ORD-00270,PayPal,159.96,Completed,2026-06-13 06:41:32
PAY-00271,ORD-00271,PayPal,119.97,Failed,2026-05-29 01:49:32
PAY-00272,ORD-00272,Apple Pay,324.95,Pending,2026-07-29 09:51:32
PAY-00273,ORD-00273,Credit Card,799.96,Completed,2026-07-06 17:56:32
PAY-00274,ORD-00274,Credit Card,14.99,Completed,2026-07-03 17:08:32
PAY-00275,ORD-00275,UPI,35.0,Completed,2026-08-03 08:43:32
PAY-00276,ORD-00276,PayPal,599.97,Completed,2026-07-28 20:21:32
PAY-00277,ORD-00277,PayPal,88.0,Completed,2026-08-18 01:21:32
PAY-00278,ORD-00278,Credit Card,129.98,Pending,2026-05-29 08:34:32
PAY-00279,ORD-00279,PayPal,90.0,Completed,2026-05-25 15:40:32
PAY-00280,ORD-00280,Debit Card,389.97,Refunded,2026-07-24 22:34:32
PAY-00281,ORD-00281,Apple Pay,89.99,Completed,2026-08-10 16:03:32
PAY-00282,ORD-00282,Credit Card,25.0,Completed,2026-08-11 20:24:32
PAY-00283,ORD-00283,PayPal,194.97,Completed,2026-07-14 22:36:32
PAY-00284,ORD-00284,Apple Pay,139.96,Pending,2026-07-02 15:10:32
PAY-00285,ORD-00285,Credit Card,89.97,Completed,2026-07-25 18:13:32
PAY-00286,ORD-00286,Debit Card,89.99,Completed,2026-07-15 04:50:32
PAY-00287,ORD-00287,UPI,135.0,Completed,2026-06-02 12:11:32
PAY-00288,ORD-00288,Credit Card,135.0,Completed,2026-07-17 05:14:32
PAY-00289,ORD-00289,Debit Card,239.96,Completed,2026-07-03 23:41:32
PAY-00290,ORD-00290,Apple Pay,75.0,Completed,2026-08-06 23:38:32
PAY-00291,ORD-00291,PayPal,64.99,Completed,2026-05-30 06:58:32
PAY-00292,ORD-00292,UPI,74.95,Completed,2026-08-14 15:10:32
PAY-00293,ORD-00293,Debit Card,125.0,Completed,2026-08-15 00:26:32
PAY-00294,ORD-00294,PayPal,239.98,Completed,2026-08-10 20:40:32
PAY-00295,ORD-00295,PayPal,39.99,Completed,2026-08-05 14:22:32
PAY-00296,ORD-00296,Debit Card,44.97,Refunded,2026-07-15 12:01:32
PAY-00297,ORD-00297,PayPal,119.97,Completed,2026-07-09 20:11:32
PAY-00298,ORD-00298,Credit Card,19.99,Completed,2026-05-24 09:30:32
PAY-00299,ORD-00299,PayPal,159.96,Completed,2026-07-30 13:19:32
PAY-00300,ORD-00300,UPI,359.96,Completed,2026-06-17 05:35:32
PAY-00301,ORD-00301,Credit Card,519.96,Completed,2026-06-14 13:35:32
PAY-00302,ORD-00302,PayPal,49.98,Completed,2026-07-15 12:14:32
PAY-00303,ORD-00303,PayPal,127.5,Failed,2026-08-18 11:53:32
PAY-00304,ORD-00304,UPI,135.0,Completed,2026-06-10 08:36:32
PAY-00305,ORD-00305,Debit Card,70.0,Completed,2026-07-06 02:21:32
PAY-00306,ORD-00306,UPI,119.98,Completed,2026-06-20 00:44:32
PAY-00307,ORD-00307,UPI,349.95,Failed,2026-07-07 00:12:32
PAY-00308,ORD-00308,Apple Pay,49.99,Pending,2026-05-28 18:54:32
PAY-00309,ORD-00309,UPI,63.96,Pending,2026-07-26 22:48:32
PAY-00310,ORD-00310,Apple Pay,239.98,Completed,2026-06-30 05:58:32
PAY-00311,ORD-00311,Apple Pay,124.95,Refunded,2026-07-03 14:00:32
PAY-00312,ORD-00312,Debit Card,79.98,Failed,2026-06-05 22:47:32
PAY-00313,ORD-00313,Apple Pay,22.0,Completed,2026-07-25 14:16:32
PAY-00314,ORD-00314,Debit Card,179.97,Completed,2026-08-18 17:22:32
PAY-00315,ORD-00315,Debit Card,104.97,Completed,2026-05-30 18:34:32
PAY-00316,ORD-00316,Apple Pay,209.97,Completed,2026-06-06 05:58:32
PAY-00317,ORD-00317,Debit Card,69.99,Completed,2026-07-24 06:37:32
PAY-00318,ORD-00318,Apple Pay,79.98,Failed,2026-06-11 07:06:32
PAY-00319,ORD-00319,Debit Card,174.95,Completed,2026-07-03 04:37:32
PAY-00320,ORD-00320,Credit Card,119.99,Completed,2026-08-11 03:59:32
PAY-00321,ORD-00321,Apple Pay,299.95,Completed,2026-07-13 05:14:32
PAY-00322,ORD-00322,Credit Card,149.95,Completed,2026-06-27 06:25:32
PAY-00323,ORD-00323,PayPal,79.96,Completed,2026-06-27 23:50:32
PAY-00324,ORD-00324,Debit Card,399.98,Pending,2026-07-15 23:32:32
PAY-00325,ORD-00325,Credit Card,179.97,Completed,2026-08-05 14:25:32
PAY-00326,ORD-00326,PayPal,89.97,Completed,2026-07-10 14:27:32
PAY-00327,ORD-00327,UPI,69.99,Pending,2026-06-29 17:35:32
PAY-00328,ORD-00328,PayPal,359.96,Completed,2026-06-20 14:05:32
PAY-00329,ORD-00329,PayPal,180.0,Completed,2026-08-06 23:07:32
PAY-00330,ORD-00330,Debit Card,66.0,Completed,2026-08-02 08:48:32
PAY-00331,ORD-00331,Debit Card,37.0,Pending,2026-07-23 01:45:32
PAY-00332,ORD-00332,Credit Card,104.97,Completed,2026-07-22 09:50:32
PAY-00333,ORD-00333,Apple Pay,159.96,Refunded,2026-06-19 16:27:32
PAY-00334,ORD-00334,Apple Pay,199.99,Failed,2026-06-26 01:15:32
PAY-00335,ORD-00335,Debit Card,170.0,Completed,2026-06-26 02:53:32
PAY-00336,ORD-00336,Credit Card,179.98,Completed,2026-06-23 09:22:32
PAY-00337,ORD-00337,Credit Card,149.97,Completed,2026-05-25 22:01:32
PAY-00338,ORD-00338,UPI,139.98,Completed,2026-07-06 03:23:32
PAY-00339,ORD-00339,Apple Pay,249.95,Completed,2026-07-17 02:47:32
PAY-00340,ORD-00340,Apple Pay,212.5,Completed,2026-06-04 14:33:32
PAY-00341,ORD-00341,PayPal,44.97,Completed,2026-07-30 21:09:32
PAY-00342,ORD-00342,UPI,249.95,Completed,2026-07-11 01:50:32
PAY-00343,ORD-00343,Debit Card,399.98,Refunded,2026-07-02 01:10:32
PAY-00344,ORD-00344,Debit Card,249.95,Completed,2026-07-24 13:49:32
PAY-00345,ORD-00345,Credit Card,59.98,Completed,2026-07-10 04:53:32
PAY-00346,ORD-00346,PayPal,119.97,Failed,2026-07-24 02:05:32
PAY-00347,ORD-00347,Debit Card,224.95,Completed,2026-06-28 01:05:32
PAY-00348,ORD-00348,Debit Card,29.99,Completed,2026-07-13 04:26:32
PAY-00349,ORD-00349,Debit Card,25.0,Completed,2026-08-05 01:27:32
PAY-00350,ORD-00350,Debit Card,324.95,Completed,2026-08-01 16:43:32
PAY-00351,ORD-00351,UPI,159.96,Completed,2026-06-11 02:38:32
PAY-00352,ORD-00352,Apple Pay,199.96,Completed,2026-06-08 07:34:32
PAY-00353,ORD-00353,PayPal,39.99,Pending,2026-06-13 10:10:32
PAY-00354,ORD-00354,UPI,179.98,Completed,2026-07-12 08:34:32
PAY-00355,ORD-00355,Debit Card,199.95,Completed,2026-07-20 09:35:32
PAY-00356,ORD-00356,Credit Card,89.98,Refunded,2026-07-25 16:06:32
PAY-00357,ORD-00357,UPI,170.0,Completed,2026-07-26 22:17:32
PAY-00358,ORD-00358,PayPal,124.95,Completed,2026-07-03 03:25:32
PAY-00359,ORD-00359,Apple Pay,55.5,Completed,2026-08-07 01:04:32
PAY-00360,ORD-00360,Apple Pay,449.95,Completed,2026-06-27 17:26:32
PAY-00361,ORD-00361,Apple Pay,90.0,Pending,2026-08-17 08:17:32
PAY-00362,ORD-00362,Credit Card,89.97,Completed,2026-07-31 09:12:32
PAY-00363,ORD-00363,Credit Card,174.95,Pending,2026-08-15 03:12:32
PAY-00364,ORD-00364,UPI,66.0,Completed,2026-06-07 19:07:32
PAY-00365,ORD-00365,Credit Card,44.99,Completed,2026-07-04 00:31:32
PAY-00366,ORD-00366,Apple Pay,63.96,Failed,2026-06-16 16:35:32
PAY-00367,ORD-00367,UPI,649.95,Completed,2026-08-17 18:13:32
PAY-00368,ORD-00368,Credit Card,249.95,Completed,2026-06-19 17:26:32
PAY-00369,ORD-00369,UPI,174.95,Completed,2026-06-18 06:14:32
PAY-00370,ORD-00370,Credit Card,139.96,Pending,2026-07-02 08:12:32
PAY-00371,ORD-00371,PayPal,85.0,Completed,2026-05-21 02:51:32
PAY-00372,ORD-00372,UPI,140.0,Completed,2026-07-21 06:07:32
PAY-00373,ORD-00373,PayPal,135.0,Completed,2026-06-26 06:35:32
PAY-00374,ORD-00374,PayPal,599.95,Completed,2026-06-19 03:28:32
PAY-00375,ORD-00375,Debit Card,25.0,Completed,2026-06-11 23:08:32
PAY-00376,ORD-00376,PayPal,88.0,Completed,2026-07-22 15:06:32
PAY-00377,ORD-00377,Apple Pay,34.99,Failed,2026-05-21 19:18:32
PAY-00378,ORD-00378,Debit Card,104.97,Completed,2026-06-26 00:36:32
PAY-00379,ORD-00379,UPI,159.96,Pending,2026-06-07 02:08:32
PAY-00380,ORD-00380,Apple Pay,59.99,Completed,2026-07-01 14:44:32
PAY-00381,ORD-00381,Debit Card,105.0,Completed,2026-06-12 09:46:32
PAY-00382,ORD-00382,Apple Pay,194.97,Completed,2026-08-01 07:28:32
PAY-00383,ORD-00383,Apple Pay,199.96,Completed,2026-07-14 02:36:32
PAY-00384,ORD-00384,UPI,49.99,Pending,2026-06-12 13:47:32
PAY-00385,ORD-00385,PayPal,259.98,Pending,2026-05-20 18:05:32
PAY-00386,ORD-00386,Debit Card,74.97,Failed,2026-07-01 19:07:32
PAY-00387,ORD-00387,Apple Pay,39.99,Completed,2026-06-23 06:08:32
PAY-00388,ORD-00388,Debit Card,19.99,Pending,2026-08-13 13:36:32
PAY-00389,ORD-00389,UPI,239.96,Completed,2026-08-16 02:35:32
PAY-00390,ORD-00390,PayPal,45.0,Completed,2026-08-09 18:44:32
PAY-00391,ORD-00391,Debit Card,39.98,Completed,2026-06-07 00:59:32
PAY-00392,ORD-00392,Credit Card,79.95,Completed,2026-07-06 23:24:32
PAY-00393,ORD-00393,Credit Card,519.96,Completed,2026-07-28 06:44:32
PAY-00394,ORD-00394,UPI,99.95,Pending,2026-05-31 02:24:32
PAY-00395,ORD-00395,PayPal,134.97,Completed,2026-05-30 04:19:32
PAY-00396,ORD-00396,Apple Pay,110.0,Refunded,2026-07-23 15:44:32
PAY-00397,ORD-00397,Debit Card,99.98,Pending,2026-07-01 02:18:32
PAY-00398,ORD-00398,Apple Pay,85.0,Completed,2026-08-03 01:03:32
PAY-00399,ORD-00399,Debit Card,24.99,Failed,2026-07-17 14:03:32
PAY-00400,ORD-00400,PayPal,124.95,Pending,2026-05-28 03:37:32
PAY-00401,ORD-00401,Debit Card,194.97,Completed,2026-05-22 22:15:32
PAY-00402,ORD-00402,Debit Card,31.98,Completed,2026-08-02 11:49:32
PAY-00403,ORD-00403,Credit Card,14.99,Completed,2026-07-28 10:50:32
PAY-00404,ORD-00404,PayPal,599.97,Completed,2026-07-11 15:05:32
PAY-00405,ORD-00405,UPI,140.0,Pending,2026-07-06 21:58:32
PAY-00406,ORD-00406,Credit Card,49.99,Failed,2026-08-16 06:57:32
PAY-00407,ORD-00407,Debit Card,105.0,Failed,2026-06-04 15:36:32
PAY-00408,ORD-00408,Apple Pay,79.98,Completed,2026-06-17 09:39:32
PAY-00409,ORD-00409,PayPal,124.95,Pending,2026-07-14 03:27:32
PAY-00410,ORD-00410,UPI,79.96,Completed,2026-07-03 13:39:32
PAY-00411,ORD-00411,UPI,129.99,Pending,2026-05-25 07:10:32
PAY-00412,ORD-00412,Credit Card,18.5,Completed,2026-06-19 16:13:32
PAY-00413,ORD-00413,UPI,49.99,Completed,2026-07-17 05:17:32
PAY-00414,ORD-00414,Debit Card,25.0,Completed,2026-06-21 08:54:32
PAY-00415,ORD-00415,UPI,49.98,Completed,2026-07-28 16:16:32
PAY-00416,ORD-00416,UPI,119.97,Refunded,2026-06-19 09:08:32
PAY-00417,ORD-00417,Apple Pay,199.95,Completed,2026-08-14 19:44:32
PAY-00418,ORD-00418,Credit Card,69.98,Completed,2026-08-13 02:17:32
PAY-00419,ORD-00419,Apple Pay,135.0,Refunded,2026-05-28 02:54:32
PAY-00420,ORD-00420,Apple Pay,259.98,Pending,2026-08-09 07:19:32
PAY-00421,ORD-00421,Debit Card,29.99,Completed,2026-07-04 06:31:32
PAY-00422,ORD-00422,Debit Card,324.95,Pending,2026-06-30 07:42:32
PAY-00423,ORD-00423,PayPal,149.97,Failed,2026-07-07 14:48:32
PAY-00424,ORD-00424,Debit Card,39.98,Completed,2026-06-28 07:41:32
PAY-00425,ORD-00425,Credit Card,129.99,Pending,2026-07-30 23:33:32
PAY-00426,ORD-00426,Apple Pay,79.98,Completed,2026-07-08 17:21:32
PAY-00427,ORD-00427,Apple Pay,29.99,Completed,2026-07-16 21:32:32
PAY-00428,ORD-00428,PayPal,31.98,Pending,2026-05-26 17:58:32
PAY-00429,ORD-00429,Credit Card,249.95,Completed,2026-05-25 12:37:32
PAY-00430,ORD-00430,Credit Card,199.95,Completed,2026-06-17 00:42:32
PAY-00431,ORD-00431,Debit Card,45.0,Completed,2026-06-16 16:05:32
PAY-00432,ORD-00432,Apple Pay,63.96,Refunded,2026-06-21 07:49:32
PAY-00433,ORD-00433,Apple Pay,239.96,Completed,2026-06-20 03:21:32
PAY-00434,ORD-00434,Apple Pay,180.0,Completed,2026-07-19 03:15:32
PAY-00435,ORD-00435,UPI,135.0,Pending,2026-07-06 01:50:32
PAY-00436,ORD-00436,Apple Pay,139.96,Completed,2026-06-29 16:26:32
PAY-00437,ORD-00437,Credit Card,89.99,Completed,2026-07-31 17:02:32
PAY-00438,ORD-00438,PayPal,239.97,Refunded,2026-07-30 03:44:32
PAY-00439,ORD-00439,UPI,269.97,Completed,2026-06-08 16:02:32
PAY-00440,ORD-00440,UPI,249.95,Failed,2026-06-21 01:31:32
PAY-00441,ORD-00441,Apple Pay,127.5,Completed,2026-06-22 01:32:32
PAY-00442,ORD-00442,PayPal,63.96,Completed,2026-07-17 14:43:32
PAY-00443,ORD-00443,Debit Card,119.98,Completed,2026-07-29 01:09:32
PAY-00444,ORD-00444,PayPal,35.0,Completed,2026-07-26 10:46:32
PAY-00445,ORD-00445,Apple Pay,199.99,Completed,2026-07-11 14:00:32
PAY-00446,ORD-00446,Debit Card,239.98,Failed,2026-05-21 16:05:32
PAY-00447,ORD-00447,Credit Card,14.99,Completed,2026-08-08 06:18:32
PAY-00448,ORD-00448,Apple Pay,519.96,Completed,2026-08-13 00:45:32
PAY-00449,ORD-00449,Apple Pay,349.95,Completed,2026-07-11 10:25:32
PAY-00450,ORD-00450,UPI,47.97,Completed,2026-07-27 18:44:32
PAY-00451,ORD-00451,Apple Pay,88.0,Completed,2026-06-11 13:25:32
PAY-00452,ORD-00452,UPI,99.98,Refunded,2026-06-14 05:38:32
PAY-00453,ORD-00453,PayPal,66.0,Completed,2026-06-23 22:17:32
PAY-00454,ORD-00454,Apple Pay,199.96,Completed,2026-07-31 16:55:32
PAY-00455,ORD-00455,Apple Pay,45.0,Completed,2026-08-12 06:15:32
PAY-00456,ORD-00456,Debit Card,199.96,Pending,2026-07-08 03:01:32
PAY-00457,ORD-00457,Apple Pay,35.0,Completed,2026-08-17 15:18:32
PAY-00458,ORD-00458,UPI,100.0,Refunded,2026-08-10 20:10:32
PAY-00459,ORD-00459,Debit Card,174.95,Completed,2026-05-25 17:30:32
PAY-00460,ORD-00460,Apple Pay,174.95,Completed,2026-07-19 18:35:32
PAY-00461,ORD-00461,PayPal,127.5,Completed,2026-07-29 03:53:32
PAY-00462,ORD-00462,Credit Card,179.97,Failed,2026-05-22 15:51:32
PAY-00463,ORD-00463,UPI,74.0,Completed,2026-05-29 18:40:32
PAY-00464,ORD-00464,Debit Card,99.95,Failed,2026-07-09 07:19:32
PAY-00465,ORD-00465,Apple Pay,99.98,Completed,2026-08-17 09:30:32
PAY-00466,ORD-00466,UPI,47.97,Pending,2026-05-26 13:05:32
PAY-00467,ORD-00467,PayPal,22.0,Refunded,2026-07-03 04:41:32
PAY-00468,ORD-00468,Debit Card,149.97,Completed,2026-05-24 06:14:32
PAY-00469,ORD-00469,Debit Card,59.98,Pending,2026-07-05 02:39:32
PAY-00470,ORD-00470,PayPal,299.95,Completed,2026-08-12 22:23:32
PAY-00471,ORD-00471,Credit Card,149.97,Completed,2026-06-21 07:55:32
PAY-00472,ORD-00472,PayPal,179.98,Completed,2026-07-08 07:58:32
PAY-00473,ORD-00473,Apple Pay,63.96,Completed,2026-06-29 21:11:32
PAY-00474,ORD-00474,Credit Card,239.97,Completed,2026-07-15 20:59:32
PAY-00475,ORD-00475,PayPal,49.99,Pending,2026-06-12 22:46:32
PAY-00476,ORD-00476,UPI,349.95,Completed,2026-07-11 13:00:32
PAY-00477,ORD-00477,Debit Card,74.95,Failed,2026-06-01 05:25:32
PAY-00478,ORD-00478,PayPal,100.0,Pending,2026-05-21 18:51:32
PAY-00479,ORD-00479,UPI,18.5,Refunded,2026-07-30 17:32:32
PAY-00480,ORD-00480,UPI,239.96,Completed,2026-06-10 14:37:32
PAY-00481,ORD-00481,Credit Card,359.96,Completed,2026-06-07 12:30:32
PAY-00482,ORD-00482,Debit Card,359.96,Completed,2026-06-28 01:20:32
PAY-00483,ORD-00483,UPI,179.98,Failed,2026-08-09 01:09:32
PAY-00484,ORD-00484,Apple Pay,239.96,Completed,2026-06-02 14:36:32
PAY-00485,ORD-00485,PayPal,149.97,Completed,2026-08-07 22:36:32
PAY-00486,ORD-00486,UPI,119.96,Completed,2026-08-12 05:08:32
PAY-00487,ORD-00487,Credit Card,149.95,Pending,2026-08-16 16:38:32
PAY-00488,ORD-00488,Apple Pay,239.96,Completed,2026-06-29 19:32:32
PAY-00489,ORD-00489,Apple Pay,140.0,Completed,2026-08-01 16:58:32
PAY-00490,ORD-00490,Apple Pay,359.96,Refunded,2026-07-05 13:25:32
PAY-00491,ORD-00491,Debit Card,199.95,Failed,2026-06-13 07:13:32
PAY-00492,ORD-00492,PayPal,63.96,Pending,2026-08-18 16:15:32
PAY-00493,ORD-00493,PayPal,22.0,Pending,2026-07-12 07:30:32
PAY-00494,ORD-00494,Debit Card,105.0,Completed,2026-06-19 17:43:32
PAY-00495,ORD-00495,Credit Card,179.96,Pending,2026-07-07 11:56:32
PAY-00496,ORD-00496,Apple Pay,149.95,Refunded,2026-07-11 03:00:32
PAY-00497,ORD-00497,Debit Card,449.95,Completed,2026-05-24 21:32:32
PAY-00498,ORD-00498,Apple Pay,49.99,Completed,2026-06-02 17:15:32
PAY-00499,ORD-00499,Debit Card,29.98,Completed,2026-08-11 05:03:32
PAY-00500,ORD-00500,Credit Card,140.0,Completed,2026-07-01 23:17:32
PAY-00501,ORD-00501,PayPal,104.97,Completed,2026-06-18 02:34:32
PAY-00502,ORD-00502,PayPal,349.95,Completed,2026-08-17 04:24:32
PAY-00503,ORD-00503,PayPal,59.96,Failed,2026-07-19 07:24:32
PAY-00504,ORD-00504,Credit Card,79.98,Pending,2026-07-03 10:05:32
PAY-00505,ORD-00505,Debit Card,180.0,Completed,2026-05-30 13:10:32
PAY-00506,ORD-00506,UPI,44.97,Completed,2026-07-03 00:02:32
PAY-00507,ORD-00507,PayPal,89.97,Pending,2026-07-19 13:32:32
PAY-00508,ORD-00508,Apple Pay,179.96,Completed,2026-06-29 11:52:32
PAY-00509,ORD-00509,Debit Card,64.99,Completed,2026-05-22 19:58:32
PAY-00510,ORD-00510,PayPal,85.0,Completed,2026-06-21 01:46:32
PAY-00511,ORD-00511,Credit Card,179.97,Pending,2026-07-30 23:29:32
PAY-00512,ORD-00512,Debit Card,259.96,Completed,2026-08-08 15:28:32
PAY-00513,ORD-00513,Credit Card,170.0,Completed,2026-07-09 10:37:32
PAY-00514,ORD-00514,Apple Pay,69.98,Pending,2026-07-17 04:07:32
PAY-00515,ORD-00515,UPI,159.98,Completed,2026-06-15 17:40:32
PAY-00516,ORD-00516,Apple Pay,39.99,Completed,2026-07-27 15:36:32
PAY-00517,ORD-00517,Debit Card,239.96,Completed,2026-06-03 17:48:32
PAY-00518,ORD-00518,Apple Pay,119.97,Refunded,2026-08-04 22:00:32
PAY-00519,ORD-00519,PayPal,39.99,Pending,2026-07-03 20:58:32
PAY-00520,ORD-00520,Credit Card,179.97,Completed,2026-08-07 03:48:32
PAY-00521,ORD-00521,Apple Pay,149.97,Completed,2026-06-04 17:31:32
PAY-00522,ORD-00522,Debit Card,179.97,Failed,2026-08-16 14:22:32
PAY-00523,ORD-00523,Credit Card,449.95,Pending,2026-06-07 04:25:32
PAY-00524,ORD-00524,UPI,239.96,Completed,2026-08-10 03:08:32
PAY-00525,ORD-00525,Apple Pay,259.98,Pending,2026-07-30 15:24:32
PAY-00526,ORD-00526,PayPal,99.98,Failed,2026-06-29 23:46:32
PAY-00527,ORD-00527,Credit Card,75.0,Completed,2026-05-22 01:38:32
PAY-00528,ORD-00528,Apple Pay,88.0,Completed,2026-07-31 02:22:32
PAY-00529,ORD-00529,Credit Card,359.96,Pending,2026-07-13 08:34:32
PAY-00530,ORD-00530,UPI,59.99,Completed,2026-07-31 10:00:32
PAY-00531,ORD-00531,Credit Card,599.97,Completed,2026-06-18 03:35:32
PAY-00532,ORD-00532,Apple Pay,74.0,Pending,2026-08-01 08:45:32
PAY-00533,ORD-00533,PayPal,39.99,Completed,2026-08-01 13:28:32
PAY-00534,ORD-00534,Apple Pay,209.97,Completed,2026-07-28 10:40:32
PAY-00535,ORD-00535,PayPal,139.98,Completed,2026-07-13 13:27:32
PAY-00536,ORD-00536,Debit Card,37.0,Pending,2026-06-27 11:19:32
PAY-00537,ORD-00537,Debit Card,14.99,Completed,2026-07-15 12:59:32
PAY-00538,ORD-00538,PayPal,324.95,Completed,2026-08-16 20:51:32
PAY-00539,ORD-00539,Apple Pay,140.0,Completed,2026-06-11 04:56:32
PAY-00540,ORD-00540,UPI,44.0,Completed,2026-05-28 03:59:32
PAY-00541,ORD-00541,Credit Card,449.95,Completed,2026-07-27 15:21:32
PAY-00542,ORD-00542,Debit Card,135.0,Failed,2026-08-01 17:56:32
PAY-00543,ORD-00543,Credit Card,22.0,Completed,2026-06-06 22:56:32
PAY-00544,ORD-00544,Apple Pay,50.0,Completed,2026-08-17 13:39:32
PAY-00545,ORD-00545,Apple Pay,134.97,Pending,2026-06-21 07:14:32
PAY-00546,ORD-00546,Debit Card,249.95,Completed,2026-08-08 17:45:32
PAY-00547,ORD-00547,PayPal,199.96,Completed,2026-05-30 06:13:32
PAY-00548,ORD-00548,PayPal,119.97,Pending,2026-08-16 21:14:32
PAY-00549,ORD-00549,Debit Card,149.95,Completed,2026-05-21 08:56:32
PAY-00550,ORD-00550,PayPal,74.97,Pending,2026-05-29 03:24:32
PAY-00551,ORD-00551,Debit Card,179.98,Completed,2026-07-22 18:15:32
PAY-00552,ORD-00552,PayPal,149.95,Failed,2026-08-01 13:49:32
PAY-00553,ORD-00553,PayPal,194.97,Completed,2026-08-15 11:18:32
PAY-00554,ORD-00554,UPI,140.0,Completed,2026-05-22 13:13:32
PAY-00555,ORD-00555,Debit Card,24.99,Completed,2026-07-13 15:42:32
PAY-00556,ORD-00556,UPI,104.97,Completed,2026-06-09 17:40:32
PAY-00557,ORD-00557,Credit Card,44.97,Completed,2026-05-30 21:36:32
PAY-00558,ORD-00558,UPI,59.99,Completed,2026-07-10 05:45:32
PAY-00559,ORD-00559,Credit Card,89.98,Completed,2026-07-14 05:42:32
PAY-00560,ORD-00560,UPI,34.99,Completed,2026-06-17 01:06:32
PAY-00561,ORD-00561,Apple Pay,79.98,Pending,2026-07-26 06:50:32
PAY-00562,ORD-00562,Apple Pay,239.97,Completed,2026-06-04 23:36:32
PAY-00563,ORD-00563,UPI,29.99,Completed,2026-06-18 22:19:32
PAY-00564,ORD-00564,PayPal,64.99,Completed,2026-06-02 20:18:32
PAY-00565,ORD-00565,PayPal,199.96,Completed,2026-06-07 05:58:32
PAY-00566,ORD-00566,Apple Pay,599.95,Failed,2026-07-31 10:31:32
PAY-00567,ORD-00567,UPI,239.96,Completed,2026-07-04 08:44:32
PAY-00568,ORD-00568,Debit Card,31.98,Completed,2026-07-12 05:15:32
PAY-00569,ORD-00569,UPI,50.0,Completed,2026-05-31 12:44:32
PAY-00570,ORD-00570,UPI,174.95,Pending,2026-07-08 20:45:32
PAY-00571,ORD-00571,UPI,129.98,Completed,2026-06-20 17:58:32
PAY-00572,ORD-00572,Debit Card,99.95,Completed,2026-08-05 05:09:32
PAY-00573,ORD-00573,Debit Card,45.0,Completed,2026-08-12 18:53:32
PAY-00574,ORD-00574,Apple Pay,249.95,Pending,2026-06-14 09:34:32
PAY-00575,ORD-00575,PayPal,35.0,Pending,2026-06-20 00:55:32
PAY-00576,ORD-00576,Debit Card,79.96,Completed,2026-08-10 05:04:32
PAY-00577,ORD-00577,PayPal,34.99,Completed,2026-07-05 20:23:32
PAY-00578,ORD-00578,UPI,125.0,Refunded,2026-07-12 21:29:32
PAY-00579,ORD-00579,Credit Card,239.96,Failed,2026-05-29 10:10:32
PAY-00580,ORD-00580,Credit Card,239.97,Completed,2026-06-16 11:09:32
PAY-00581,ORD-00581,UPI,119.97,Refunded,2026-08-09 08:01:32
PAY-00582,ORD-00582,Debit Card,359.96,Completed,2026-08-17 22:33:32
PAY-00583,ORD-00583,PayPal,349.95,Completed,2026-08-06 13:57:32
PAY-00584,ORD-00584,Apple Pay,45.0,Completed,2026-07-24 16:17:32
PAY-00585,ORD-00585,Apple Pay,119.96,Completed,2026-08-04 05:47:32
PAY-00586,ORD-00586,UPI,35.0,Pending,2026-06-29 07:45:32
PAY-00587,ORD-00587,Credit Card,50.0,Completed,2026-05-27 17:31:32
PAY-00588,ORD-00588,Apple Pay,139.96,Completed,2026-08-07 04:59:32
PAY-00589,ORD-00589,Credit Card,85.0,Completed,2026-06-04 10:20:32
PAY-00590,ORD-00590,PayPal,44.99,Completed,2026-06-10 01:29:32
PAY-00591,ORD-00591,UPI,119.97,Completed,2026-06-10 21:13:32
PAY-00592,ORD-00592,Apple Pay,55.5,Completed,2026-06-04 10:04:32
PAY-00593,ORD-00593,Debit Card,449.95,Completed,2026-05-28 18:05:32
PAY-00594,ORD-00594,Apple Pay,35.0,Failed,2026-07-23 00:18:32
PAY-00595,ORD-00595,UPI,799.96,Completed,2026-07-31 14:49:32
PAY-00596,ORD-00596,Credit Card,89.99,Completed,2026-08-02 07:03:32
PAY-00597,ORD-00597,Debit Card,99.95,Completed,2026-05-20 11:00:32
PAY-00598,ORD-00598,Apple Pay,799.96,Completed,2026-07-05 22:31:32
PAY-00599,ORD-00599,UPI,129.99,Completed,2026-07-30 08:06:32
PAY-00600,ORD-00600,PayPal,179.98,Pending,2026-06-30 17:15:32
PAY-00601,ORD-00601,Debit Card,89.97,Completed,2026-05-30 04:13:32
PAY-00602,ORD-00602,Apple Pay,39.99,Failed,2026-06-11 16:50:32
PAY-00603,ORD-00603,UPI,49.99,Completed,2026-07-18 19:32:32
PAY-00604,ORD-00604,Apple Pay,599.95,Completed,2026-07-17 09:46:32
PAY-00605,ORD-00605,PayPal,225.0,Refunded,2026-06-28 09:17:32
PAY-00606,ORD-00606,Credit Card,74.97,Completed,2026-08-04 01:14:32
PAY-00607,ORD-00607,UPI,174.95,Completed,2026-06-20 14:31:32
PAY-00608,ORD-00608,PayPal,159.98,Completed,2026-07-28 20:50:32
PAY-00609,ORD-00609,Credit Card,34.99,Completed,2026-07-01 10:04:32
PAY-00610,ORD-00610,Apple Pay,75.0,Failed,2026-06-02 16:17:32
PAY-00611,ORD-00611,UPI,359.96,Completed,2026-05-27 14:28:32
PAY-00612,ORD-00612,UPI,119.99,Pending,2026-06-19 01:59:32
PAY-00613,ORD-00613,Credit Card,104.97,Completed,2026-07-18 09:20:32
PAY-00614,ORD-00614,Debit Card,174.95,Pending,2026-06-07 05:44:32
PAY-00615,ORD-00615,Debit Card,199.95,Completed,2026-05-27 23:31:32
PAY-00616,ORD-00616,Apple Pay,59.97,Pending,2026-06-22 20:35:32
PAY-00617,ORD-00617,Credit Card,66.0,Completed,2026-06-30 00:36:32
PAY-00618,ORD-00618,Debit Card,239.98,Completed,2026-06-07 04:27:32
PAY-00619,ORD-00619,Debit Card,69.98,Completed,2026-07-17 00:21:32
PAY-00620,ORD-00620,Apple Pay,174.95,Pending,2026-07-04 16:07:32
PAY-00621,ORD-00621,UPI,74.97,Completed,2026-06-04 11:57:32
PAY-00622,ORD-00622,Apple Pay,225.0,Completed,2026-05-25 16:18:32
PAY-00623,ORD-00623,Debit Card,239.98,Failed,2026-07-04 22:07:32
PAY-00624,ORD-00624,PayPal,127.5,Completed,2026-06-22 15:22:32
PAY-00625,ORD-00625,UPI,100.0,Refunded,2026-07-31 08:58:32
PAY-00626,ORD-00626,PayPal,139.96,Completed,2026-06-02 14:24:32
PAY-00627,ORD-00627,Apple Pay,399.98,Pending,2026-06-05 15:44:32
PAY-00628,ORD-00628,Apple Pay,42.5,Completed,2026-08-03 03:39:32
PAY-00629,ORD-00629,UPI,79.99,Pending,2026-06-15 06:11:32
PAY-00630,ORD-00630,Debit Card,359.97,Pending,2026-06-04 11:33:32
PAY-00631,ORD-00631,PayPal,299.95,Pending,2026-07-15 09:33:32
PAY-00632,ORD-00632,PayPal,319.96,Completed,2026-08-15 22:42:32
PAY-00633,ORD-00633,Apple Pay,119.98,Pending,2026-06-24 18:36:32
PAY-00634,ORD-00634,Credit Card,999.95,Completed,2026-08-08 04:42:32
PAY-00635,ORD-00635,Apple Pay,180.0,Pending,2026-07-12 03:24:32
PAY-00636,ORD-00636,PayPal,359.97,Pending,2026-07-08 14:31:32
PAY-00637,ORD-00637,Credit Card,175.0,Refunded,2026-06-21 05:46:32
PAY-00638,ORD-00638,UPI,149.97,Pending,2026-07-21 02:54:32
PAY-00639,ORD-00639,Apple Pay,649.95,Pending,2026-07-23 20:23:32
PAY-00640,ORD-00640,PayPal,59.99,Completed,2026-06-30 05:04:32
PAY-00641,ORD-00641,UPI,104.97,Refunded,2026-05-28 01:24:32
PAY-00642,ORD-00642,UPI,92.5,Completed,2026-06-18 15:03:32
PAY-00643,ORD-00643,Debit Card,85.0,Completed,2026-06-24 03:13:32
PAY-00644,ORD-00644,Debit Card,37.0,Completed,2026-08-01 22:21:32
PAY-00645,ORD-00645,Debit Card,119.98,Completed,2026-08-03 20:09:32
PAY-00646,ORD-00646,Apple Pay,74.95,Completed,2026-05-24 07:51:32
PAY-00647,ORD-00647,PayPal,199.95,Completed,2026-06-08 04:03:32
PAY-00648,ORD-00648,UPI,209.97,Completed,2026-06-12 01:32:32
PAY-00649,ORD-00649,PayPal,399.98,Completed,2026-08-05 16:48:32
PAY-00650,ORD-00650,Debit Card,29.99,Completed,2026-07-02 05:34:32
PAY-00651,ORD-00651,Credit Card,59.98,Completed,2026-06-30 10:47:32
PAY-00652,ORD-00652,Credit Card,79.98,Completed,2026-06-04 01:43:32
PAY-00653,ORD-00653,UPI,59.96,Completed,2026-08-03 12:48:32
PAY-00654,ORD-00654,UPI,59.98,Pending,2026-06-10 09:21:32
PAY-00655,ORD-00655,Debit Card,89.97,Failed,2026-06-12 07:47:32
PAY-00656,ORD-00656,UPI,174.95,Completed,2026-07-04 17:20:32
PAY-00657,ORD-00657,UPI,44.0,Completed,2026-07-07 19:34:32
PAY-00658,ORD-00658,Apple Pay,90.0,Completed,2026-06-12 09:36:32
PAY-00659,ORD-00659,UPI,159.96,Completed,2026-07-31 11:38:32
PAY-00660,ORD-00660,UPI,149.95,Failed,2026-06-18 06:18:32
PAY-00661,ORD-00661,UPI,519.96,Completed,2026-06-07 20:11:32
PAY-00662,ORD-00662,UPI,59.97,Completed,2026-06-29 15:14:32
PAY-00663,ORD-00663,PayPal,66.0,Completed,2026-07-16 10:03:32
PAY-00664,ORD-00664,Debit Card,19.99,Completed,2026-07-03 17:53:32
PAY-00665,ORD-00665,Apple Pay,79.99,Completed,2026-07-09 00:06:32
PAY-00666,ORD-00666,Apple Pay,239.96,Completed,2026-07-22 21:39:32
PAY-00667,ORD-00667,Debit Card,49.99,Completed,2026-07-21 04:10:32
PAY-00668,ORD-00668,Apple Pay,85.0,Completed,2026-06-10 00:24:32
PAY-00669,ORD-00669,UPI,45.0,Completed,2026-06-29 17:56:32
PAY-00670,ORD-00670,Apple Pay,59.98,Completed,2026-07-07 15:38:32
PAY-00671,ORD-00671,Credit Card,69.99,Refunded,2026-07-03 05:15:32
PAY-00672,ORD-00672,Apple Pay,44.99,Completed,2026-07-15 05:41:32
PAY-00673,ORD-00673,PayPal,139.96,Completed,2026-06-09 11:09:32
PAY-00674,ORD-00674,Credit Card,119.98,Refunded,2026-07-12 07:46:32
PAY-00675,ORD-00675,Apple Pay,649.95,Completed,2026-06-23 06:48:32
PAY-00676,ORD-00676,UPI,19.99,Refunded,2026-05-26 22:33:32
PAY-00677,ORD-00677,Credit Card,88.0,Completed,2026-06-08 11:12:32
PAY-00678,ORD-00678,Apple Pay,89.99,Completed,2026-06-27 07:12:32
PAY-00679,ORD-00679,Debit Card,59.98,Completed,2026-06-01 09:44:32
PAY-00680,ORD-00680,Credit Card,105.0,Completed,2026-05-31 01:09:32
PAY-00681,ORD-00681,Apple Pay,259.96,Completed,2026-07-20 01:22:32
PAY-00682,ORD-00682,Apple Pay,599.95,Completed,2026-07-08 15:30:32
PAY-00683,ORD-00683,Apple Pay,29.98,Completed,2026-07-16 10:58:32
PAY-00684,ORD-00684,Apple Pay,74.97,Refunded,2026-06-17 17:42:32
PAY-00685,ORD-00685,Credit Card,49.99,Completed,2026-05-31 07:28:32
PAY-00686,ORD-00686,UPI,449.95,Completed,2026-06-19 03:09:32
PAY-00687,ORD-00687,UPI,110.0,Completed,2026-07-13 03:11:32
PAY-00688,ORD-00688,PayPal,79.98,Completed,2026-07-19 19:15:32
PAY-00689,ORD-00689,PayPal,34.99,Refunded,2026-07-24 04:05:32
PAY-00690,ORD-00690,Debit Card,212.5,Pending,2026-06-07 12:57:32
PAY-00691,ORD-00691,Apple Pay,119.98,Completed,2026-06-13 13:41:32
PAY-00692,ORD-00692,PayPal,479.96,Completed,2026-06-15 06:26:32
PAY-00693,ORD-00693,Apple Pay,269.97,Pending,2026-05-28 12:25:32
PAY-00694,ORD-00694,UPI,249.95,Failed,2026-06-30 17:55:32
PAY-00695,ORD-00695,Apple Pay,129.99,Failed,2026-08-18 05:16:32
PAY-00696,ORD-00696,PayPal,259.96,Completed,2026-06-03 22:42:32
PAY-00697,ORD-00697,Apple Pay,199.95,Completed,2026-08-02 13:30:32
PAY-00698,ORD-00698,PayPal,18.5,Completed,2026-06-26 02:40:32
PAY-00699,ORD-00699,Debit Card,359.96,Failed,2026-08-12 01:10:32
PAY-00700,ORD-00700,Credit Card,29.99,Pending,2026-06-11 18:11:32
PAY-00701,ORD-00701,PayPal,249.95,Pending,2026-08-16 08:33:32
PAY-00702,ORD-00702,Debit Card,149.97,Completed,2026-08-16 16:55:32
PAY-00703,ORD-00703,PayPal,89.97,Completed,2026-07-06 10:18:32
PAY-00704,ORD-00704,PayPal,135.0,Completed,2026-07-22 07:56:32
PAY-00705,ORD-00705,Credit Card,50.0,Completed,2026-06-06 18:39:32
PAY-00706,ORD-00706,Debit Card,55.5,Pending,2026-06-24 09:17:32
PAY-00707,ORD-00707,Apple Pay,35.0,Completed,2026-06-14 00:37:32
PAY-00708,ORD-00708,Debit Card,63.96,Completed,2026-07-25 21:26:32
PAY-00709,ORD-00709,UPI,129.98,Completed,2026-05-28 19:21:32
PAY-00710,ORD-00710,Debit Card,99.98,Completed,2026-07-27 04:02:32
PAY-00711,ORD-00711,Debit Card,119.98,Completed,2026-05-27 16:55:32
PAY-00712,ORD-00712,Debit Card,599.97,Completed,2026-08-18 16:10:32
PAY-00713,ORD-00713,Apple Pay,88.0,Completed,2026-07-23 22:30:32
PAY-00714,ORD-00714,Credit Card,42.5,Pending,2026-06-19 21:34:32
PAY-00715,ORD-00715,Debit Card,49.98,Failed,2026-07-20 04:00:32
PAY-00716,ORD-00716,Debit Card,29.98,Completed,2026-06-23 09:17:32
PAY-00717,ORD-00717,UPI,45.0,Completed,2026-07-08 11:32:32
PAY-00718,ORD-00718,UPI,37.0,Completed,2026-06-18 06:27:32
PAY-00719,ORD-00719,Debit Card,179.97,Refunded,2026-08-11 23:28:32
PAY-00720,ORD-00720,UPI,25.0,Completed,2026-07-19 14:21:32
PAY-00721,ORD-00721,Debit Card,49.99,Failed,2026-06-17 18:25:32
PAY-00722,ORD-00722,PayPal,134.97,Completed,2026-07-13 22:15:32
PAY-00723,ORD-00723,PayPal,179.98,Completed,2026-07-18 18:42:32
PAY-00724,ORD-00724,Credit Card,110.0,Completed,2026-07-10 04:27:32
PAY-00725,ORD-00725,UPI,119.97,Failed,2026-07-31 05:42:32
PAY-00726,ORD-00726,UPI,135.0,Pending,2026-08-15 13:04:32
PAY-00727,ORD-00727,UPI,89.97,Completed,2026-08-09 19:58:32
PAY-00728,ORD-00728,UPI,105.0,Failed,2026-06-13 14:26:32
PAY-00729,ORD-00729,UPI,19.99,Completed,2026-08-04 22:22:32
PAY-00730,ORD-00730,PayPal,85.0,Pending,2026-05-24 06:09:32
PAY-00731,ORD-00731,Apple Pay,359.96,Completed,2026-07-10 21:48:32
PAY-00732,ORD-00732,UPI,199.95,Completed,2026-06-13 20:34:32
PAY-00733,ORD-00733,PayPal,99.95,Completed,2026-08-10 00:39:32
PAY-00734,ORD-00734,UPI,119.97,Refunded,2026-06-11 07:38:32
PAY-00735,ORD-00735,PayPal,45.0,Completed,2026-07-19 14:22:32
PAY-00736,ORD-00736,Credit Card,79.95,Completed,2026-06-13 07:12:32
PAY-00737,ORD-00737,Apple Pay,239.98,Completed,2026-07-04 16:45:32
PAY-00738,ORD-00738,UPI,269.97,Refunded,2026-07-06 18:19:32
PAY-00739,ORD-00739,PayPal,24.99,Completed,2026-07-19 11:18:32
PAY-00740,ORD-00740,PayPal,199.95,Completed,2026-05-30 01:00:32
PAY-00741,ORD-00741,Credit Card,139.96,Pending,2026-07-26 18:56:32
PAY-00742,ORD-00742,Apple Pay,50.0,Completed,2026-06-06 15:55:32
PAY-00743,ORD-00743,UPI,159.96,Completed,2026-06-07 20:04:32
PAY-00744,ORD-00744,Debit Card,18.5,Completed,2026-07-21 20:28:32
PAY-00745,ORD-00745,Apple Pay,29.99,Completed,2026-05-21 00:25:32
PAY-00746,ORD-00746,Debit Card,37.0,Pending,2026-08-01 15:28:32
PAY-00747,ORD-00747,PayPal,18.5,Pending,2026-06-06 05:12:32
PAY-00748,ORD-00748,Debit Card,359.96,Pending,2026-07-14 01:22:32
PAY-00749,ORD-00749,Apple Pay,999.95,Completed,2026-06-15 08:59:32
PAY-00750,ORD-00750,Credit Card,104.97,Completed,2026-07-26 15:39:32
PAY-00751,ORD-00751,Credit Card,159.98,Completed,2026-06-18 08:32:32
PAY-00752,ORD-00752,Credit Card,49.99,Refunded,2026-07-09 01:39:32
PAY-00753,ORD-00753,Credit Card,59.99,Completed,2026-05-25 19:12:32
PAY-00754,ORD-00754,UPI,79.95,Completed,2026-08-05 02:22:32
PAY-00755,ORD-00755,Debit Card,69.98,Completed,2026-07-03 01:01:32
PAY-00756,ORD-00756,PayPal,119.98,Completed,2026-07-10 10:25:32
PAY-00757,ORD-00757,Debit Card,31.98,Completed,2026-06-17 08:55:32
PAY-00758,ORD-00758,Credit Card,79.98,Completed,2026-06-04 20:41:32
PAY-00759,ORD-00759,Credit Card,64.99,Completed,2026-07-08 06:18:32
PAY-00760,ORD-00760,Apple Pay,349.95,Completed,2026-05-27 04:42:32
PAY-00761,ORD-00761,Debit Card,34.99,Completed,2026-05-27 08:21:32
PAY-00762,ORD-00762,Credit Card,99.96,Completed,2026-06-05 03:17:32
PAY-00763,ORD-00763,Credit Card,89.98,Completed,2026-06-16 08:24:32
PAY-00764,ORD-00764,Apple Pay,239.97,Completed,2026-07-13 06:44:32
PAY-00765,ORD-00765,UPI,119.97,Completed,2026-08-08 04:47:32
PAY-00766,ORD-00766,Credit Card,89.99,Failed,2026-07-25 09:21:32
PAY-00767,ORD-00767,Debit Card,45.0,Completed,2026-06-03 01:23:32
PAY-00768,ORD-00768,PayPal,179.97,Completed,2026-07-25 15:55:32
PAY-00769,ORD-00769,UPI,269.97,Failed,2026-06-09 11:08:32
PAY-00770,ORD-00770,PayPal,259.98,Completed,2026-08-17 01:38:32
PAY-00771,ORD-00771,UPI,79.99,Completed,2026-08-13 12:28:32
PAY-00772,ORD-00772,PayPal,170.0,Refunded,2026-06-08 12:23:32
PAY-00773,ORD-00773,Credit Card,15.99,Completed,2026-06-22 05:49:32
PAY-00774,ORD-00774,Credit Card,135.0,Completed,2026-07-18 10:56:32
PAY-00775,ORD-00775,UPI,25.0,Completed,2026-06-26 21:03:32
PAY-00776,ORD-00776,Credit Card,89.99,Completed,2026-06-01 11:00:32
PAY-00777,ORD-00777,PayPal,85.0,Pending,2026-07-01 20:55:32
PAY-00778,ORD-00778,UPI,89.99,Completed,2026-07-06 19:50:32
PAY-00779,ORD-00779,UPI,199.96,Pending,2026-07-17 17:43:32
PAY-00780,ORD-00780,Debit Card,100.0,Completed,2026-07-13 06:38:32
PAY-00781,ORD-00781,UPI,49.99,Pending,2026-06-09 13:18:32
PAY-00782,ORD-00782,UPI,149.95,Completed,2026-08-14 23:50:32
PAY-00783,ORD-00783,Debit Card,149.97,Completed,2026-08-06 09:45:32
PAY-00784,ORD-00784,UPI,69.98,Completed,2026-07-21 01:13:32
PAY-00785,ORD-00785,Apple Pay,24.99,Completed,2026-05-28 17:52:32
PAY-00786,ORD-00786,UPI,399.95,Failed,2026-08-02 09:20:32
PAY-00787,ORD-00787,PayPal,127.5,Completed,2026-07-26 02:24:32
PAY-00788,ORD-00788,Credit Card,49.99,Completed,2026-07-15 06:45:32
PAY-00789,ORD-00789,Credit Card,89.97,Completed,2026-08-13 06:43:32
PAY-00790,ORD-00790,PayPal,249.95,Completed,2026-08-06 11:15:32
PAY-00791,ORD-00791,UPI,259.98,Pending,2026-07-24 01:28:32
PAY-00792,ORD-00792,UPI,479.96,Completed,2026-06-30 16:40:32
PAY-00793,ORD-00793,Credit Card,999.95,Completed,2026-06-18 02:48:32
PAY-00794,ORD-00794,Credit Card,99.98,Pending,2026-05-31 00:38:32
PAY-00795,ORD-00795,UPI,24.99,Completed,2026-07-23 00:21:32
PAY-00796,ORD-00796,Debit Card,29.99,Pending,2026-06-02 21:56:32
PAY-00797,ORD-00797,UPI,349.95,Refunded,2026-05-20 12:23:32
PAY-00798,ORD-00798,Credit Card,105.0,Completed,2026-07-25 03:15:32
PAY-00799,ORD-00799,UPI,170.0,Completed,2026-07-02 21:11:32
PAY-00800,ORD-00800,UPI,100.0,Refunded,2026-07-02 03:09:32
PAY-00801,ORD-00801,Credit Card,89.97,Completed,2026-07-16 13:33:32
PAY-00802,ORD-00802,Debit Card,85.0,Completed,2026-05-20 20:13:32
PAY-00803,ORD-00803,UPI,194.97,Completed,2026-07-30 01:39:32
PAY-00804,ORD-00804,UPI,34.99,Completed,2026-06-11 01:23:32
PAY-00805,ORD-00805,PayPal,63.96,Refunded,2026-06-02 17:46:32
PAY-00806,ORD-00806,PayPal,59.99,Pending,2026-07-09 16:22:32
PAY-00807,ORD-00807,Credit Card,134.97,Completed,2026-06-02 23:04:32
PAY-00808,ORD-00808,Credit Card,110.0,Pending,2026-06-05 00:19:32
PAY-00809,ORD-00809,Apple Pay,199.95,Completed,2026-06-07 01:02:32
PAY-00810,ORD-00810,Credit Card,15.99,Refunded,2026-07-29 23:33:32
PAY-00811,ORD-00811,PayPal,649.95,Refunded,2026-06-12 08:32:32
PAY-00812,ORD-00812,Debit Card,31.98,Completed,2026-06-02 22:20:32
PAY-00813,ORD-00813,Apple Pay,149.97,Pending,2026-07-23 21:50:32
PAY-00814,ORD-00814,UPI,259.98,Completed,2026-06-24 21:41:32
PAY-00815,ORD-00815,PayPal,49.98,Failed,2026-06-06 23:21:32
PAY-00816,ORD-00816,Credit Card,174.95,Refunded,2026-06-28 08:23:32
PAY-00817,ORD-00817,PayPal,224.95,Completed,2026-08-08 16:19:32
PAY-00818,ORD-00818,Credit Card,149.97,Completed,2026-08-15 21:10:32
PAY-00819,ORD-00819,UPI,89.98,Completed,2026-07-24 03:35:32
PAY-00820,ORD-00820,Debit Card,29.99,Pending,2026-07-05 03:26:32
PAY-00821,ORD-00821,Debit Card,159.96,Failed,2026-08-15 08:47:32
PAY-00822,ORD-00822,Apple Pay,139.96,Completed,2026-05-22 01:40:32
PAY-00823,ORD-00823,UPI,99.98,Completed,2026-05-27 06:54:32
PAY-00824,ORD-00824,Credit Card,179.98,Completed,2026-06-26 07:03:32
PAY-00825,ORD-00825,Apple Pay,22.0,Completed,2026-08-16 19:29:32
PAY-00826,ORD-00826,PayPal,69.99,Completed,2026-07-05 00:20:32
PAY-00827,ORD-00827,Apple Pay,125.0,Completed,2026-06-18 09:10:32
PAY-00828,ORD-00828,UPI,99.98,Completed,2026-07-25 08:32:32
PAY-00829,ORD-00829,Credit Card,42.5,Pending,2026-07-07 21:40:32
PAY-00830,ORD-00830,Credit Card,149.95,Completed,2026-05-26 10:00:32
PAY-00831,ORD-00831,Credit Card,299.95,Completed,2026-07-15 17:00:32
PAY-00832,ORD-00832,Credit Card,134.97,Completed,2026-08-04 03:04:32
PAY-00833,ORD-00833,Apple Pay,119.98,Completed,2026-06-26 23:52:32
PAY-00834,ORD-00834,Apple Pay,239.98,Failed,2026-06-12 09:08:32
PAY-00835,ORD-00835,Credit Card,49.99,Failed,2026-07-13 17:53:32
PAY-00836,ORD-00836,Debit Card,99.98,Completed,2026-08-02 18:26:32
PAY-00837,ORD-00837,Credit Card,49.98,Completed,2026-05-25 14:10:32
PAY-00838,ORD-00838,Apple Pay,999.95,Pending,2026-08-12 19:09:32
PAY-00839,ORD-00839,Debit Card,209.97,Completed,2026-05-30 07:41:32
PAY-00840,ORD-00840,Credit Card,39.98,Failed,2026-07-25 12:23:32
PAY-00841,ORD-00841,Credit Card,449.95,Completed,2026-07-27 21:50:32
PAY-00842,ORD-00842,PayPal,39.98,Completed,2026-08-12 20:36:32
PAY-00843,ORD-00843,Credit Card,90.0,Pending,2026-08-08 02:31:32
PAY-00844,ORD-00844,Apple Pay,22.0,Completed,2026-06-04 07:08:32
PAY-00845,ORD-00845,Apple Pay,99.95,Completed,2026-08-07 16:49:32
PAY-00846,ORD-00846,Credit Card,104.97,Pending,2026-07-07 12:43:32
PAY-00847,ORD-00847,UPI,209.97,Completed,2026-05-24 01:46:32
PAY-00848,ORD-00848,Apple Pay,324.95,Completed,2026-07-17 01:17:32
PAY-00849,ORD-00849,Credit Card,69.98,Completed,2026-07-01 01:53:32
PAY-00850,ORD-00850,Debit Card,299.95,Completed,2026-07-27 10:30:32
PAY-00851,ORD-00851,PayPal,119.98,Completed,2026-08-15 23:06:32
PAY-00852,ORD-00852,UPI,279.96,Completed,2026-08-10 12:30:32
PAY-00853,ORD-00853,Credit Card,49.99,Completed,2026-07-18 07:59:32
PAY-00854,ORD-00854,Apple Pay,119.99,Completed,2026-05-26 15:22:32
PAY-00855,ORD-00855,Debit Card,599.95,Pending,2026-06-18 18:13:32
PAY-00856,ORD-00856,Debit Card,99.96,Completed,2026-07-14 19:59:32
PAY-00857,ORD-00857,Credit Card,42.5,Completed,2026-07-27 10:27:32
PAY-00858,ORD-00858,Debit Card,49.99,Completed,2026-08-02 11:16:32
PAY-00859,ORD-00859,Credit Card,74.95,Completed,2026-06-02 19:00:32
PAY-00860,ORD-00860,PayPal,49.99,Pending,2026-06-25 23:46:32
PAY-00861,ORD-00861,Debit Card,22.0,Refunded,2026-07-19 14:48:32
PAY-00862,ORD-00862,PayPal,199.96,Completed,2026-07-28 19:23:32
PAY-00863,ORD-00863,UPI,135.0,Failed,2026-05-22 03:14:32
PAY-00864,ORD-00864,Debit Card,34.99,Failed,2026-05-21 03:54:32
PAY-00865,ORD-00865,Apple Pay,349.95,Completed,2026-05-30 18:45:32
PAY-00866,ORD-00866,Debit Card,47.97,Completed,2026-06-16 23:03:32
PAY-00867,ORD-00867,Credit Card,99.98,Refunded,2026-06-12 16:40:32
PAY-00868,ORD-00868,Debit Card,59.99,Failed,2026-06-13 06:39:32
PAY-00869,ORD-00869,Apple Pay,125.0,Failed,2026-07-19 06:38:32
PAY-00870,ORD-00870,PayPal,45.0,Completed,2026-06-21 13:35:32
PAY-00871,ORD-00871,UPI,159.96,Completed,2026-07-01 21:05:32
PAY-00872,ORD-00872,Debit Card,70.0,Failed,2026-06-01 19:23:32
PAY-00873,ORD-00873,PayPal,69.98,Pending,2026-06-30 00:48:32
PAY-00874,ORD-00874,UPI,149.97,Completed,2026-08-17 04:12:32
PAY-00875,ORD-00875,Debit Card,119.97,Completed,2026-06-29 23:05:32
PAY-00876,ORD-00876,Apple Pay,59.98,Completed,2026-06-18 07:50:32
PAY-00877,ORD-00877,Credit Card,269.97,Completed,2026-07-05 14:23:32
PAY-00878,ORD-00878,Debit Card,119.96,Completed,2026-07-19 00:17:32
PAY-00879,ORD-00879,UPI,180.0,Completed,2026-07-29 13:24:32
PAY-00880,ORD-00880,PayPal,49.99,Failed,2026-06-24 14:18:32
PAY-00881,ORD-00881,Credit Card,89.99,Refunded,2026-05-29 10:01:32
PAY-00882,ORD-00882,Debit Card,399.95,Failed,2026-08-02 22:14:32
PAY-00883,ORD-00883,Apple Pay,129.99,Failed,2026-07-29 17:46:32
PAY-00884,ORD-00884,Apple Pay,59.98,Completed,2026-07-05 22:02:32
PAY-00885,ORD-00885,UPI,119.97,Failed,2026-06-07 00:11:32
PAY-00886,ORD-00886,Debit Card,479.96,Completed,2026-07-06 02:28:32
PAY-00887,ORD-00887,Debit Card,99.95,Failed,2026-08-15 14:56:32
PAY-00888,ORD-00888,UPI,49.98,Failed,2026-06-12 03:46:32
PAY-00889,ORD-00889,Debit Card,50.0,Completed,2026-07-20 21:10:32
PAY-00890,ORD-00890,Credit Card,74.0,Completed,2026-06-18 11:49:32
PAY-00891,ORD-00891,PayPal,19.99,Refunded,2026-08-13 15:42:32
PAY-00892,ORD-00892,UPI,199.96,Completed,2026-07-17 10:52:32
PAY-00893,ORD-00893,PayPal,29.99,Completed,2026-08-19 01:55:32
PAY-00894,ORD-00894,Credit Card,66.0,Refunded,2026-08-03 03:18:32
PAY-00895,ORD-00895,Credit Card,199.96,Completed,2026-07-06 03:45:32
PAY-00896,ORD-00896,Debit Card,119.97,Failed,2026-07-07 17:38:32
PAY-00897,ORD-00897,UPI,44.97,Failed,2026-07-22 01:29:32
PAY-00898,ORD-00898,Credit Card,79.98,Completed,2026-07-15 15:11:32
PAY-00899,ORD-00899,Debit Card,119.97,Completed,2026-06-16 13:43:32
PAY-00900,ORD-00900,UPI,74.95,Completed,2026-06-05 07:25:32
PAY-00901,ORD-00901,Apple Pay,194.97,Completed,2026-06-04 01:16:32
PAY-00902,ORD-00902,UPI,59.98,Completed,2026-08-03 14:59:32
PAY-00903,ORD-00903,Debit Card,159.98,Refunded,2026-05-25 13:51:32
PAY-00904,ORD-00904,Credit Card,119.98,Completed,2026-08-09 02:28:32
PAY-00905,ORD-00905,Debit Card,49.99,Completed,2026-06-10 17:59:32
PAY-00906,ORD-00906,Debit Card,249.95,Completed,2026-08-01 05:45:32
PAY-00907,ORD-00907,UPI,47.97,Pending,2026-05-30 16:26:32
PAY-00908,ORD-00908,Debit Card,119.96,Pending,2026-06-10 17:34:32
PAY-00909,ORD-00909,Debit Card,249.95,Completed,2026-06-13 05:03:32
PAY-00910,ORD-00910,UPI,179.98,Pending,2026-08-15 19:43:32
PAY-00911,ORD-00911,UPI,39.99,Pending,2026-06-18 22:16:32
PAY-00912,ORD-00912,Debit Card,34.99,Refunded,2026-06-15 01:42:32
PAY-00913,ORD-00913,Apple Pay,179.98,Completed,2026-08-05 12:52:32
PAY-00914,ORD-00914,UPI,174.95,Failed,2026-08-04 11:08:32
PAY-00915,ORD-00915,Debit Card,18.5,Completed,2026-06-01 01:02:32
PAY-00916,ORD-00916,Debit Card,174.95,Completed,2026-07-28 10:08:32
PAY-00917,ORD-00917,PayPal,449.95,Completed,2026-07-12 21:19:32
PAY-00918,ORD-00918,Debit Card,159.96,Pending,2026-06-19 00:56:32
PAY-00919,ORD-00919,Debit Card,199.95,Completed,2026-06-01 23:00:32
PAY-00920,ORD-00920,PayPal,59.98,Failed,2026-05-30 18:41:32
PAY-00921,ORD-00921,Credit Card,269.97,Completed,2026-06-13 09:47:32
PAY-00922,ORD-00922,UPI,64.99,Completed,2026-08-02 02:33:32
PAY-00923,ORD-00923,UPI,319.96,Completed,2026-08-11 16:08:32
PAY-00924,ORD-00924,PayPal,269.97,Pending,2026-06-02 13:49:32
PAY-00925,ORD-00925,PayPal,119.97,Pending,2026-06-23 02:53:32
PAY-00926,ORD-00926,Debit Card,74.95,Pending,2026-06-25 07:17:32
PAY-00927,ORD-00927,Apple Pay,239.96,Pending,2026-07-30 03:29:32
PAY-00928,ORD-00928,Debit Card,74.95,Completed,2026-07-31 01:36:32
PAY-00929,ORD-00929,Apple Pay,119.97,Completed,2026-08-18 22:15:32
PAY-00930,ORD-00930,Debit Card,25.0,Completed,2026-06-19 00:33:32
PAY-00931,ORD-00931,UPI,69.98,Completed,2026-07-24 21:44:32
PAY-00932,ORD-00932,Apple Pay,49.99,Completed,2026-06-09 22:33:32
PAY-00933,ORD-00933,Apple Pay,64.99,Failed,2026-06-08 01:10:32
PAY-00934,ORD-00934,UPI,119.99,Completed,2026-06-22 17:09:32
PAY-00935,ORD-00935,UPI,49.99,Failed,2026-07-08 21:56:32
PAY-00936,ORD-00936,Debit Card,119.97,Completed,2026-08-04 11:26:32
PAY-00937,ORD-00937,PayPal,119.96,Completed,2026-05-21 15:54:32
PAY-00938,ORD-00938,Apple Pay,90.0,Failed,2026-05-25 05:06:32
PAY-00939,ORD-00939,Apple Pay,89.98,Completed,2026-08-06 14:48:32
PAY-00940,ORD-00940,Credit Card,29.98,Completed,2026-08-11 10:36:32
PAY-00941,ORD-00941,Credit Card,359.96,Pending,2026-07-05 07:05:32
PAY-00942,ORD-00942,UPI,79.98,Completed,2026-07-25 09:41:32
PAY-00943,ORD-00943,Apple Pay,119.99,Completed,2026-07-29 19:25:32
PAY-00944,ORD-00944,UPI,649.95,Completed,2026-07-03 20:41:32
PAY-00945,ORD-00945,UPI,99.98,Refunded,2026-07-17 22:12:32
PAY-00946,ORD-00946,Credit Card,179.98,Completed,2026-07-12 02:30:32
PAY-00947,ORD-00947,UPI,599.95,Completed,2026-06-26 20:07:32
PAY-00948,ORD-00948,Credit Card,449.95,Completed,2026-08-01 17:54:32
PAY-00949,ORD-00949,Credit Card,249.95,Completed,2026-07-20 17:14:32
PAY-00950,ORD-00950,UPI,99.96,Pending,2026-08-03 10:23:32
PAY-00951,ORD-00951,Debit Card,89.99,Completed,2026-07-08 05:52:32
PAY-00952,ORD-00952,PayPal,89.98,Completed,2026-06-29 23:01:32
PAY-00953,ORD-00953,Credit Card,69.99,Completed,2026-08-17 17:54:32
PAY-00954,ORD-00954,UPI,479.96,Completed,2026-08-15 08:40:32
PAY-00955,ORD-00955,PayPal,139.98,Completed,2026-07-19 20:21:32
PAY-00956,ORD-00956,UPI,174.95,Completed,2026-06-23 14:49:32
PAY-00957,ORD-00957,Apple Pay,259.98,Completed,2026-07-23 09:33:32
PAY-00958,ORD-00958,Apple Pay,31.98,Completed,2026-06-22 16:26:32
PAY-00959,ORD-00959,UPI,44.0,Completed,2026-08-07 20:40:32
PAY-00960,ORD-00960,Debit Card,34.99,Completed,2026-05-31 07:08:32
PAY-00961,ORD-00961,UPI,49.99,Pending,2026-07-28 11:34:32
PAY-00962,ORD-00962,PayPal,149.97,Completed,2026-07-23 03:50:32
PAY-00963,ORD-00963,UPI,299.95,Completed,2026-06-24 22:19:32
PAY-00964,ORD-00964,Credit Card,79.98,Pending,2026-05-27 02:24:32
PAY-00965,ORD-00965,Credit Card,69.99,Pending,2026-07-23 21:34:32
PAY-00966,ORD-00966,PayPal,37.0,Completed,2026-07-17 13:03:32
PAY-00967,ORD-00967,Credit Card,74.97,Completed,2026-08-16 10:12:32
PAY-00968,ORD-00968,UPI,239.96,Completed,2026-08-02 12:57:32
PAY-00969,ORD-00969,PayPal,149.97,Completed,2026-06-13 03:27:32
PAY-00970,ORD-00970,Apple Pay,359.96,Completed,2026-08-06 20:23:32
PAY-00971,ORD-00971,Apple Pay,119.96,Completed,2026-06-15 23:13:32
PAY-00972,ORD-00972,Debit Card,44.97,Pending,2026-07-10 18:29:32
PAY-00973,ORD-00973,Credit Card,79.98,Completed,2026-08-02 07:29:32
PAY-00974,ORD-00974,PayPal,47.97,Pending,2026-06-20 03:18:32
PAY-00975,ORD-00975,Credit Card,119.98,Completed,2026-06-09 01:26:32
PAY-00976,ORD-00976,Credit Card,359.96,Refunded,2026-06-07 06:11:32
PAY-00977,ORD-00977,UPI,47.97,Completed,2026-07-21 18:46:32
PAY-00978,ORD-00978,UPI,125.0,Completed,2026-05-26 22:02:32
PAY-00979,ORD-00979,Credit Card,59.99,Pending,2026-06-16 18:18:32
PAY-00980,ORD-00980,PayPal,139.96,Completed,2026-07-01 18:02:32
PAY-00981,ORD-00981,Apple Pay,349.95,Completed,2026-06-21 20:50:32
PAY-00982,ORD-00982,Credit Card,104.97,Completed,2026-08-15 05:24:32
PAY-00983,ORD-00983,Debit Card,199.95,Completed,2026-06-11 19:14:32
PAY-00984,ORD-00984,PayPal,212.5,Pending,2026-07-22 08:47:32
PAY-00985,ORD-00985,Apple Pay,249.95,Completed,2026-06-25 23:54:32
PAY-00986,ORD-00986,UPI,50.0,Pending,2026-08-09 19:46:32
PAY-00987,ORD-00987,Apple Pay,249.95,Completed,2026-07-10 12:26:32
PAY-00988,ORD-00988,Debit Card,59.98,Completed,2026-06-29 20:34:32
PAY-00989,ORD-00989,Debit Card,134.97,Pending,2026-08-06 06:27:32
PAY-00990,ORD-00990,PayPal,139.96,Refunded,2026-07-06 08:59:32
PAY-00991,ORD-00991,UPI,99.96,Completed,2026-06-10 15:11:32
PAY-00992,ORD-00992,Credit Card,31.98,Completed,2026-08-12 17:56:32
PAY-00993,ORD-00993,PayPal,15.99,Pending,2026-06-15 14:43:32
PAY-00994,ORD-00994,UPI,34.99,Completed,2026-07-20 03:01:32
PAY-00995,ORD-00995,Apple Pay,74.0,Completed,2026-07-26 12:10:32
PAY-00996,ORD-00996,Credit Card,99.98,Pending,2026-05-31 06:12:32
PAY-00997,ORD-00997,Apple Pay,39.98,Completed,2026-06-26 00:09:32
PAY-00998,ORD-00998,Apple Pay,249.95,Completed,2026-06-10 10:22:32
PAY-00999,ORD-00999,UPI,44.97,Refunded,2026-07-20 00:36:32
PAY-01000,ORD-01000,Credit Card,279.96,Refunded,2026-06-07 08:18:32
